index,company_name,industry,revenue_range,hg_rank,hg_score,imd_rank,imd_score,total_jobs,ai_jobs,ai_job_ratio
0,ibm,"Professional, Scientific and Technical Services","Over $1,000,000,000",1,100,7.0,77.0,,,
1,verizon communications,Telecommunications,"Over $1,000,000,000",2,88,102.0,45.0,,,
2,j p morgan,Banking and Financial Services,"Over $1,000,000,000",3,83,,,,,
3,wal-mart,Retail Trade,"Over $1,000,000,000",4,75,64.0,51.0,,,
4,siemens,Computer and Electronic Product Manufacturing,"Over $1,000,000,000",5,74,28.0,59.0,,,
5,citibank,Banking and Financial Services,,6,73,,,,,
6,wells fargo,Banking and Financial Services,"Over $1,000,000,000",7,67,138.0,40.0,,,
7,samsung electronics,Computer and Electronic Product Manufacturing,"Over $1,000,000,000",8,65,18.0,68.0,,,
8,johnson johnson,Pharmaceuticals and Chemicals Manufacturing,"Over $1,000,000,000",9,65,132.0,40.0,,,
9,amazon,Retail Trade,"Over $1,000,000,000",10,64,5.0,80.0,,,
10,dell,Computer and Electronic Product Manufacturing,"Over $1,000,000,000",11,61,,,,,
11,at t,Telecommunications,"Over $1,000,000,000",12,60,62.0,51.0,,,
12,salesforce crm,Computer and Electronic Product Manufacturing,"Over $1,000,000,000",13,59,16.0,70.0,,,
13,norton,Computer and Electronic Product Manufacturing,"Over $1,000,000,000",14,58,,,,,
14,robert bosch,Manufacturing,"Over $1,000,000,000",15,57,,,,,
15,oracle,Computer and Electronic Product Manufacturing,"Over $1,000,000,000",16,57,14.0,70.0,,,
16,ford motor,Manufacturing,"Over $1,000,000,000",17,56,79.0,49.0,,,
17,optum,Health Care and Social Assistance,"Over $1,000,000,000",18,55,,,,,
18,cvs health,Retail Trade,"Over $1,000,000,000",19,53,84.0,47.0,,,
19,walt disney,Media and Entertainment,"Over $1,000,000,000",20,53,123.0,42.0,,,
20,cisco systems,Computer and Electronic Product Manufacturing,"Over $1,000,000,000",21,53,13.0,72.0,,,
21,microsoft,Computer and Electronic Product Manufacturing,"Over $1,000,000,000",22,52,2.0,91.0,,,
22,university of california,Educational Services,,23,52,,,,,
23,capital one financial,Banking and Financial Services,"Over $1,000,000,000",24,52,,,,,
24,american express,Banking and Financial Services,"Over $1,000,000,000",25,51,181.0,34.0,,,
25,unitedhealthcare,Insurance,"Over $1,000,000,000",26,51,86.0,47.0,,,
26,fidelity investments,Banking and Financial Services,"Over $1,000,000,000",27,50,,,,,
27,workday,Computer and Electronic Product Manufacturing,"Over $1,000,000,000",28,50,,,,,
28,scalers,"Professional, Scientific and Technical Services","$1,000,000 to $9,999,999",29,48,,,,,
29,telefon lm ericsson,Computer and Electronic Product Manufacturing,"Over $1,000,000,000",30,48,,,,,
30,bank of america,Banking and Financial Services,"Over $1,000,000,000",31,48,87.0,47.0,,,
31,adobe systems,Computer and Electronic Product Manufacturing,"Over $1,000,000,000",32,47,,,,,
32,honeywell,Manufacturing,"Over $1,000,000,000",33,47,122.0,42.0,,,
33,tata,Manufacturing,"Over $1,000,000,000",34,47,,,,,
34,automatic data processing,"Professional, Scientific and Technical Services","Over $1,000,000,000",35,45,141.0,39.0,,,
35,orange,Telecommunications,"Over $1,000,000,000",36,45,269.0,23.0,,,
36,apple,Computer and Electronic Product Manufacturing,"Over $1,000,000,000",37,45,32.0,58.0,,,
37,amazon,"Professional, Scientific and Technical Services","$10,000,000 to $49,999,999",38,45,,,,,
38,boeing,Manufacturing,"Over $1,000,000,000",39,45,,,,,
39,thomson reuters,"Professional, Scientific and Technical Services","Over $1,000,000,000",40,44,,,,,
40,hsbc,Banking and Financial Services,"Over $1,000,000,000",41,44,31.0,58.0,,,
41,ascendion,Computer and Electronic Product Manufacturing,"$500,000,000 to $999,999,999",42,43,,,,,
42,general motors,Manufacturing,"Over $1,000,000,000",43,43,88.0,47.0,,,
43,barclays,Banking and Financial Services,"Over $1,000,000,000",44,43,43.0,55.0,,,
44,visa,Banking and Financial Services,"Over $1,000,000,000",45,43,29.0,59.0,,,
45,broadcom,Computer and Electronic Product Manufacturing,"Over $1,000,000,000",46,43,173.0,35.0,,,
46,nvidia,"Professional, Scientific and Technical Services","Over $1,000,000,000",47,42,1.0,100.0,,,
47,purple drive technologies,"Professional, Scientific and Technical Services","$1,000,000 to $9,999,999",48,42,,,,,
48,t-mobile us,Telecommunications,"Over $1,000,000,000",49,42,,,,,
49,experian consumer services,Banking and Financial Services,"Over $1,000,000,000",50,42,,,,,
50,ubs,Banking and Financial Services,"Over $1,000,000,000",51,42,24.0,63.0,,,
51,home depot,Retail Trade,"Over $1,000,000,000",52,42,200.0,32.0,,,
52,hp,Computer and Electronic Product Manufacturing,"Over $1,000,000,000",53,42,,,,,
53,koninklijke philips,Manufacturing,"Over $1,000,000,000",54,42,,,,,
54,general electric schweiz,Public Administration,"Over $1,000,000,000",55,41,,,,,
55,iqvia,"Professional, Scientific and Technical Services","Over $1,000,000,000",56,41,,,,,
56,fiserv,Computer and Electronic Product Manufacturing,"Over $1,000,000,000",57,41,119.0,42.0,,,
57,vodafone,Telecommunications,"Over $1,000,000,000",58,41,,,,,
58,schneider electric,Manufacturing,"Over $1,000,000,000",59,41,53.0,53.0,,,
59,publicis groupe s a,"Professional, Scientific and Technical Services","Over $1,000,000,000",60,41,,,,,
60,raytheon technologies,Manufacturing,"Over $1,000,000,000",61,40,,,,,
61,lumen technologies,Telecommunications,"Over $1,000,000,000",62,40,,,,,
62,novartis,Pharmaceuticals and Chemicals Manufacturing,"Over $1,000,000,000",63,40,57.0,52.0,,,
63,s p global,"Professional, Scientific and Technical Services","Over $1,000,000,000",64,40,,,,,
64,meta platforms,"Professional, Scientific and Technical Services","Over $1,000,000,000",65,40,4.0,81.0,,,
65,thermo fisher scientific,Computer and Electronic Product Manufacturing,"Over $1,000,000,000",66,40,108.0,44.0,,,
66,humana,Insurance,"Over $1,000,000,000",67,40,96.0,46.0,,,
67,fedex,Transportation and Warehousing,"Over $1,000,000,000",68,39,47.0,54.0,,,
68,hitachi,Manufacturing,"Over $1,000,000,000",69,39,35.0,57.0,,,
69,fossbytes,Media and Entertainment,"$1,000,000 to $9,999,999",70,39,,,,,
70,citibank,Banking and Financial Services,"Over $1,000,000,000",71,39,,,,,
71,merck,Pharmaceuticals and Chemicals Manufacturing,"Over $1,000,000,000",72,39,48.0,54.0,,,
72,fujitsu,"Professional, Scientific and Technical Services","Over $1,000,000,000",73,39,,,,,
73,hewlett packard enterprise,Computer and Electronic Product Manufacturing,"Over $1,000,000,000",74,39,,,,,
74,dentsu media,"Professional, Scientific and Technical Services","Over $1,000,000,000",75,39,,,,,
75,warner bros discovery,Media and Entertainment,"Over $1,000,000,000",76,39,,,,,
76,lockheed martin,Manufacturing,"Over $1,000,000,000",77,39,146.0,39.0,,,
77,intuit,Computer and Electronic Product Manufacturing,"Over $1,000,000,000",78,39,,,,,
78,paypal,Banking and Financial Services,"Over $1,000,000,000",79,38,116.0,43.0,,,
79,astrazeneca,Pharmaceuticals and Chemicals Manufacturing,"Over $1,000,000,000",80,38,23.0,63.0,,,
80,morgan stanley,Banking and Financial Services,"Over $1,000,000,000",81,38,36.0,57.0,,,
81,state farm insurance,Insurance,"Over $1,000,000,000",82,38,,,,,
82,roche,Pharmaceuticals and Chemicals Manufacturing,"Over $1,000,000,000",83,38,101.0,45.0,,,
83,fractal,"Professional, Scientific and Technical Services","$200,000,000 to $499,999,999",84,38,,,,,
84,pepsico,Manufacturing,"Over $1,000,000,000",85,38,225.0,29.0,,,
85,essenware,,,86,37,,,,,
86,huawei,Computer and Electronic Product Manufacturing,"Over $1,000,000,000",87,37,,,,,
87,anthem blue cross,Insurance,"Over $1,000,000,000",88,36,,,,,
88,u s bancorp,Banking and Financial Services,"Over $1,000,000,000",89,36,226.0,29.0,,,
89,pfizer,Pharmaceuticals and Chemicals Manufacturing,"Over $1,000,000,000",90,36,,,,,
90,google,"Professional, Scientific and Technical Services","Over $1,000,000,000",91,36,,,,,
91,rakuten mobile,Media and Entertainment,"Over $1,000,000,000",92,36,,,,,
92,nokia oyj,Computer and Electronic Product Manufacturing,"Over $1,000,000,000",93,36,,,,,
93,takeda pharmaceutical,Pharmaceuticals and Chemicals Manufacturing,"Over $1,000,000,000",94,36,,,,,
94,bank of new york mellon,Banking and Financial Services,"Over $1,000,000,000",95,36,42.0,55.0,,,
95,cigna,Insurance,"Over $1,000,000,000",96,35,106.0,44.0,,,
96,vanguard,Banking and Financial Services,"Over $1,000,000,000",97,35,,,,,
97,nustar technologies,"Professional, Scientific and Technical Services","$1,000,000 to $9,999,999",98,35,,,,,
98,johnson controls,Manufacturing,"Over $1,000,000,000",99,35,,,,,
99,royal bank of canada,Banking and Financial Services,"$10,000,000 to $49,999,999",100,35,,,,,
100,gsk,Pharmaceuticals and Chemicals Manufacturing,"Over $1,000,000,000",101,35,90.0,46.0,,,
101,qualcomm,Computer and Electronic Product Manufacturing,"Over $1,000,000,000",102,35,20.0,65.0,,,
102,sap,Computer and Electronic Product Manufacturing,"Over $1,000,000,000",103,35,6.0,77.0,,,
103,united parcel service,Transportation and Warehousing,"Over $1,000,000,000",104,35,220.0,30.0,,,
104,towards ai,Computer and Electronic Product Manufacturing,"$1,000,000 to $9,999,999",105,35,,,,,
105,blue cross blue shield association,Insurance,"Over $1,000,000,000",106,35,,,,,
106,acl digital,"Professional, Scientific and Technical Services","$1,000,000 to $9,999,999",107,35,,,,,
107,seg,Industry Associations,"$10,000,000 to $49,999,999",108,35,,,,,
108,kaiser permanente,Insurance,"Over $1,000,000,000",109,35,,,,,
109,inetum,"Professional, Scientific and Technical Services","Over $1,000,000,000",110,35,,,,,
110,nike,Manufacturing,"Over $1,000,000,000",111,34,216.0,31.0,,,
111,discover financial services,Banking and Financial Services,"Over $1,000,000,000",112,34,,,,,
112,abbott,Manufacturing,"Over $1,000,000,000",113,34,,,,,
113,bae systems,Manufacturing,"Over $1,000,000,000",114,34,,,,,
114,shell,Mining and Natural Resources,"Over $1,000,000,000",115,34,207.0,32.0,,,
115,fidelity national information services,Banking and Financial Services,"Over $1,000,000,000",116,34,,,,,
116,thales,Manufacturing,"Over $1,000,000,000",117,34,,,,,
117,sp global,Banking and Financial Services,"$1,000,000 to $9,999,999",118,34,,,,,
118,braintrust,Computer and Electronic Product Manufacturing,"$10,000,000 to $49,999,999",119,34,,,,,
119,inspyrsolutions com,Service Industry,"$10,000,000 to $49,999,999",120,34,,,,,
120,harman professional,Computer and Electronic Product Manufacturing,"Over $1,000,000,000",121,34,,,,,
121,centene,Insurance,"Over $1,000,000,000",122,34,180.0,34.0,,,
122,gartner,"Professional, Scientific and Technical Services","Over $1,000,000,000",123,33,,,,,
123,nbcuniversal,Media and Entertainment,"Over $1,000,000,000",124,33,,,,,
124,prudential financial,Insurance,"Over $1,000,000,000",125,33,198.0,32.0,,,
125,mastercard incorporated,Banking and Financial Services,"Over $1,000,000,000",126,33,,,,,
126,tiktok,Computer and Electronic Product Manufacturing,"Over $1,000,000,000",127,33,,,,,
127,standard chartered bank,Banking and Financial Services,"Over $1,000,000,000",128,32,107.0,44.0,,,
128,daimler,Manufacturing,"Over $1,000,000,000",129,32,,,,,
129,deutsche bank,Banking and Financial Services,"Over $1,000,000,000",130,32,51.0,53.0,,,
130,pnc financial services,Banking and Financial Services,"Over $1,000,000,000",131,32,264.0,25.0,,,
131,medtronic,Manufacturing,"Over $1,000,000,000",132,32,68.0,50.0,,,
132,ebay,Retail Trade,"Over $1,000,000,000",133,32,,,,,
133,caterpillar,Manufacturing,"Over $1,000,000,000",134,32,300.0,1.0,,,
134,university of washington,Educational Services,"Over $1,000,000,000",135,32,,,,,
135,aarp,Industry Associations,"Over $1,000,000,000",136,32,,,,,
136,abbvie,Pharmaceuticals and Chemicals Manufacturing,"Over $1,000,000,000",137,32,248.0,27.0,,,
137,publicis sapient,"Professional, Scientific and Technical Services","$500,000,000 to $999,999,999",138,31,,,,,
138,saxon ai,"Professional, Scientific and Technical Services","$10,000,000 to $49,999,999",139,31,,,,,
139,publicis worldwide,,,140,31,,,,,
140,arrow electronics,Wholesale Trade,"Over $1,000,000,000",141,31,,,,,
141,tieto,"Professional, Scientific and Technical Services","Over $1,000,000,000",142,31,,,,,
142,synchrony financial,Banking and Financial Services,"Over $1,000,000,000",143,31,,,,,
143,northrop grumman,Manufacturing,"Over $1,000,000,000",144,31,,,,,
144,liberty mutual,Insurance,"Over $1,000,000,000",145,31,,,,,
145,ge healthcare,Manufacturing,"Over $1,000,000,000",146,31,194.0,33.0,,,
146,bell,Telecommunications,"$500,000,000 to $999,999,999",147,31,,,,,
147,spectrum management,Media and Entertainment,"Over $1,000,000,000",148,31,,,,,
148,sony,Computer and Electronic Product Manufacturing,"Over $1,000,000,000",149,31,9.0,75.0,,,
149,charles schwab,Banking and Financial Services,"Over $1,000,000,000",150,31,199.0,32.0,,,
150,national grid,Utilities,"Over $1,000,000,000",151,31,163.0,37.0,,,
151,carnegie mellon university,Educational Services,"Over $1,000,000,000",152,31,,,,,
152,university of michigan concussion center,Educational Services,"Over $1,000,000,000",153,31,,,,,
153,advanced micro devices,Computer and Electronic Product Manufacturing,"Over $1,000,000,000",154,31,,,,,
154,tiaa,Insurance,"Over $1,000,000,000",155,31,,,,,
155,abb,Computer and Electronic Product Manufacturing,"Over $1,000,000,000",156,31,67.0,50.0,,,
156,daimler,Manufacturing,"Over $1,000,000,000",157,31,,,,,
157,bytedance,Computer and Electronic Product Manufacturing,"Over $1,000,000,000",158,31,,,,,
158,toronto-dominion bank,Banking and Financial Services,"Over $1,000,000,000",159,31,,,,,
159,acme transport,Transportation and Warehousing,"$10,000,000 to $49,999,999",160,31,,,,,
160,toyota motor,Manufacturing,"Over $1,000,000,000",161,30,158.0,38.0,,,
161,ally financial,Banking and Financial Services,"Over $1,000,000,000",162,30,,,,,
162,servicenow,Computer and Electronic Product Manufacturing,"Over $1,000,000,000",163,30,,,,,
163,larsen toubro,Construction and Real Estate,"Over $1,000,000,000",164,30,,,,,
164,equifax,"Professional, Scientific and Technical Services","Over $1,000,000,000",165,30,,,,,
165,usc marshall school of business,Educational Services,"Over $1,000,000,000",166,30,,,,,
166,sanofi,Pharmaceuticals and Chemicals Manufacturing,"Over $1,000,000,000",167,30,58.0,52.0,,,
167,relx,"Professional, Scientific and Technical Services","Over $1,000,000,000",168,30,,,,,
168,tencent,Media and Entertainment,"Over $1,000,000,000",169,30,8.0,76.0,,,
169,airbus,Manufacturing,"Over $1,000,000,000",170,30,234.0,28.0,,,
170,money fit by drs,,,171,30,,,,,
171,eli lilly,Pharmaceuticals and Chemicals Manufacturing,"Over $1,000,000,000",172,30,50.0,54.0,,,
172,epam systems,"Professional, Scientific and Technical Services","Over $1,000,000,000",173,30,,,,,
173,bristol-myers squibb,Pharmaceuticals and Chemicals Manufacturing,"Over $1,000,000,000",174,30,,,,,
174,tek ninjas,"Professional, Scientific and Technical Services","$10,000,000 to $49,999,999",175,30,,,,,
175,nus business school,Educational Services,"$500,000,000 to $999,999,999",176,30,,,,,
176,london stock exchange,Banking and Financial Services,"Over $1,000,000,000",177,30,,,,,
177,bayer,Pharmaceuticals and Chemicals Manufacturing,"Over $1,000,000,000",178,30,,,,,
178,syntricate technologies,"Professional, Scientific and Technical Services","$10,000,000 to $49,999,999",179,30,,,,,
179,change leader,Educational Services,"$1,000,000 to $9,999,999",180,29,,,,,
180,bank of nova scotia,Banking and Financial Services,"Over $1,000,000,000",181,29,227.0,29.0,,,
181,cox communications,Media and Entertainment,"Over $1,000,000,000",182,29,,,,,
182,dbs bank,Banking and Financial Services,"Over $1,000,000,000",183,29,259.0,26.0,,,
183,itechpost,Media and Entertainment,"$10,000,000 to $49,999,999",184,29,,,,,
184,bnp paribas,Banking and Financial Services,"Over $1,000,000,000",185,29,44.0,55.0,,,
185,ursus s a,Manufacturing,"$10,000,000 to $49,999,999",186,29,,,,,
186,applied materials,Manufacturing,"Over $1,000,000,000",187,29,206.0,32.0,,,
187,arizona state university,Educational Services,"Over $1,000,000,000",188,29,,,,,
188,decrypt,Computer and Electronic Product Manufacturing,"$1,000,000 to $9,999,999",189,29,,,,,
189,metlife,Insurance,"Over $1,000,000,000",190,29,145.0,39.0,,,
190,procter gamble,Pharmaceuticals and Chemicals Manufacturing,"Over $1,000,000,000",191,29,165.0,36.0,,,
191,3m,Manufacturing,"Over $1,000,000,000",192,29,,,,,
192,genisights pvt,"Professional, Scientific and Technical Services","Less than $1,000,000",193,29,,,,,
193,nestle,Manufacturing,"Over $1,000,000,000",194,29,235.0,28.0,,,
194,optimhire,"Professional, Scientific and Technical Services","$50,000,000 to $99,999,999",195,29,,,,,
195,prolim,"Professional, Scientific and Technical Services","$10,000,000 to $49,999,999",196,29,,,,,
196,allstate,Insurance,"Over $1,000,000,000",197,29,164.0,37.0,,,
197,fannie mae,Banking and Financial Services,"Over $1,000,000,000",198,29,,,,,
198,elevance health,Insurance,"Over $1,000,000,000",199,29,247.0,28.0,,,
199,axa,Insurance,"Over $1,000,000,000",200,29,82.0,48.0,,,
200,ilitch companies,Manufacturing,"$1,000,000 to $9,999,999",201,29,,,,,
201,expedia media solutions,Travel and Tourism,"Over $1,000,000,000",202,29,,,,,
202,axtria - ingenious insights,"Professional, Scientific and Technical Services","$50,000,000 to $99,999,999",203,29,,,,,
203,new york university,Educational Services,"Over $1,000,000,000",204,29,,,,,
204,lenovo,Computer and Electronic Product Manufacturing,"Over $1,000,000,000",205,29,,,,,
205,verisk analytics,"Professional, Scientific and Technical Services","Over $1,000,000,000",206,29,,,,,
206,maximus,"Professional, Scientific and Technical Services","Over $1,000,000,000",207,28,,,,,
207,manulife financial,Insurance,"Over $1,000,000,000",208,28,,,,,
208,pearson,Media and Entertainment,"Over $1,000,000,000",209,28,,,,,
209,geico,Insurance,"Over $1,000,000,000",210,28,,,,,
210,autodesk,Computer and Electronic Product Manufacturing,"Over $1,000,000,000",211,28,,,,,
211,united services automobile assn,Insurance,"Over $1,000,000,000",212,28,,,,,
212,sharpedge solutions,"Professional, Scientific and Technical Services","$10,000,000 to $49,999,999",213,28,,,,,
213,koantek,"Professional, Scientific and Technical Services","$10,000,000 to $49,999,999",214,28,,,,,
214,enterprise,Service Industry,"Over $1,000,000,000",215,28,,,,,
215,nationwide,Insurance,"Over $1,000,000,000",216,28,,,,,
216,aetna,Insurance,"Over $1,000,000,000",217,28,,,,,
217,massachusetts institute of technology,Educational Services,"Over $1,000,000,000",218,28,,,,,
218,unilever,Pharmaceuticals and Chemicals Manufacturing,"Over $1,000,000,000",219,28,188.0,33.0,,,
219,movistar,Telecommunications,"Over $1,000,000,000",220,28,,,,,
220,freddie mac,Banking and Financial Services,"Over $1,000,000,000",221,28,,,,,
221,chubb,Insurance,"Over $1,000,000,000",222,28,279.0,19.0,,,
222,apex mfg,"Professional, Scientific and Technical Services","$10,000,000 to $49,999,999",223,28,,,,,
223,rtx - resort travel xchange,Travel and Tourism,"$10,000,000 to $49,999,999",224,27,,,,,
224,john deere,Manufacturing,"Over $1,000,000,000",225,27,94.0,46.0,,,
225,rocken tech products,,"$1,000,000 to $9,999,999",226,27,,,,,
226,association for advancement of artificial intelligence aaai,"Professional, Scientific and Technical Services","$10,000,000 to $49,999,999",227,27,,,,,
227,snowflake,Computer and Electronic Product Manufacturing,"Over $1,000,000,000",228,27,,,,,
228,klaviyo,Computer and Electronic Product Manufacturing,"$500,000,000 to $999,999,999",229,27,,,,,
229,lexisnexis,"Professional, Scientific and Technical Services","Over $1,000,000,000",230,27,,,,,
230,best buy,Retail Trade,"Over $1,000,000,000",231,27,,,,,
231,telstra,Telecommunications,"Over $1,000,000,000",232,27,,,,,
232,citizens financial,Banking and Financial Services,"Over $1,000,000,000",233,27,,,,,
233,national black mba association,,"$100,000,000 to $199,999,999",234,27,,,,,
234,dish network,Telecommunications,"Over $1,000,000,000",235,27,,,,,
235,banco santander,Banking and Financial Services,"Over $1,000,000,000",236,27,92.0,46.0,,,
236,allianz versicherung,Insurance,"Over $1,000,000,000",237,27,,,,,
237,x,"Professional, Scientific and Technical Services","Over $1,000,000,000",238,27,,,,,
238,kubrick,"Professional, Scientific and Technical Services","$50,000,000 to $99,999,999",239,27,,,,,
239,autoronto,Educational Services,"Over $1,000,000,000",240,27,,,,,
240,target,Retail Trade,"Over $1,000,000,000",241,27,184.0,34.0,,,
241,natwest,Banking and Financial Services,"Over $1,000,000,000",242,27,97.0,46.0,,,
242,zs,"Professional, Scientific and Technical Services","$200,000,000 to $499,999,999",243,27,,,,,
243,bp,Mining and Natural Resources,"Over $1,000,000,000",244,27,263.0,25.0,,,
244,blackrock,Banking and Financial Services,"Over $1,000,000,000",245,26,21.0,63.0,,,
245,lowes,Retail Trade,"Over $1,000,000,000",246,26,178.0,34.0,,,
246,credit suisse high yield bond,Banking and Financial Services,"Over $1,000,000,000",247,26,,,,,
247,alpha silicon,"Professional, Scientific and Technical Services","$10,000,000 to $49,999,999",248,26,,,,,
248,anyone ai,Educational Services,"$1,000,000 to $9,999,999",249,26,,,,,
249,motorola solutions,Computer and Electronic Product Manufacturing,"Over $1,000,000,000",250,26,,,,,
250,columbia university,Educational Services,"Over $1,000,000,000",251,26,,,,,
251,freedom mortgage,Banking and Financial Services,"Over $1,000,000,000",252,26,,,,,
252,nutmeg,Banking and Financial Services,"$10,000,000 to $49,999,999",253,26,,,,,
253,common,"Professional, Scientific and Technical Services","$1,000,000 to $9,999,999",254,26,,,,,
254,sun life financial,Insurance,"Over $1,000,000,000",255,26,93.0,46.0,,,
255,mayo clinic,Health Care and Social Assistance,"Over $1,000,000,000",256,26,,,,,
256,micron technology,Computer and Electronic Product Manufacturing,"Over $1,000,000,000",257,26,,,,,
257,nanyang technological university singapore,Educational Services,"$500,000,000 to $999,999,999",258,26,,,,,
258,gilead sciences,Pharmaceuticals and Chemicals Manufacturing,"Over $1,000,000,000",259,26,,,,,
259,truist financial,Banking and Financial Services,"Over $1,000,000,000",260,26,,,,,
260,disneyconnect com,Media and Entertainment,"$200,000,000 to $499,999,999",261,26,,,,,
261,cbs sports,Media and Entertainment,"$10,000,000 to $49,999,999",262,26,,,,,
262,shopify,"Professional, Scientific and Technical Services","Over $1,000,000,000",263,26,,,,,
263,ejamerica,"Professional, Scientific and Technical Services","$10,000,000 to $49,999,999",264,26,,,,,
264,costar,Construction and Real Estate,"Over $1,000,000,000",265,26,,,,,
265,jones lang lasalle,Construction and Real Estate,"Over $1,000,000,000",266,26,,,,,
266,cbre,Construction and Real Estate,"Over $1,000,000,000",267,26,,,,,
267,hitachi,"Professional, Scientific and Technical Services","Over $1,000,000,000",268,26,,,,,
268,l3harris technologies,Computer and Electronic Product Manufacturing,"Over $1,000,000,000",269,26,,,,,
269,t-systems,"Professional, Scientific and Technical Services","Over $1,000,000,000",270,26,,,,,
270,analytics india magazine,Media and Entertainment,"$10,000,000 to $49,999,999",271,26,,,,,
271,espn,Media and Entertainment,"Over $1,000,000,000",272,26,,,,,
272,zebra technologies,Computer and Electronic Product Manufacturing,"Over $1,000,000,000",273,26,,,,,
273,pepsico,Manufacturing,"$10,000,000 to $49,999,999",274,26,,,,,
274,danaher,Computer and Electronic Product Manufacturing,"Over $1,000,000,000",275,26,237.0,28.0,,,
275,mobile programming,"Professional, Scientific and Technical Services","$50,000,000 to $99,999,999",276,26,,,,,
276,government of canada,Public Administration,"Over $1,000,000,000",277,26,,,,,
277,northeastern university,Educational Services,"Over $1,000,000,000",278,26,,,,,
278,yahoo,"Professional, Scientific and Technical Services","Over $1,000,000,000",279,26,,,,,
279,amgen,Pharmaceuticals and Chemicals Manufacturing,"Over $1,000,000,000",280,26,186.0,34.0,,,
280,mitre,"Professional, Scientific and Technical Services","Over $1,000,000,000",281,26,,,,,
281,northwestern university,Educational Services,"Over $1,000,000,000",282,26,,,,,
282,bank of montreal,Banking and Financial Services,"Over $1,000,000,000",283,25,110.0,43.0,,,
283,delta air lines,Travel and Tourism,"Over $1,000,000,000",284,25,271.0,22.0,,,
284,linkontro nielseniq,"Professional, Scientific and Technical Services",Unknown,285,25,,,,,
285,tamcherry technologies private,,"$1,000,000 to $9,999,999",286,25,,,,,
286,united airlines,Travel and Tourism,"Over $1,000,000,000",287,25,,,,,
287,moodys,"Professional, Scientific and Technical Services","Over $1,000,000,000",288,25,,,,,
288,data in science technologies,"Professional, Scientific and Technical Services","$50,000,000 to $99,999,999",289,25,,,,,
289,genentech,"Professional, Scientific and Technical Services","Over $1,000,000,000",290,25,,,,,
290,a medium,Media and Entertainment,"$1,000,000 to $9,999,999",291,25,,,,,
291,aristocrat leisure,"Professional, Scientific and Technical Services","Over $1,000,000,000",292,25,,,,,
292,chase,Banking and Financial Services,"Over $1,000,000,000",293,25,,,,,
293,singapore telecommunications,Telecommunications,"Over $1,000,000,000",294,25,,,,,
294,crowdstrike,Computer and Electronic Product Manufacturing,"Over $1,000,000,000",295,25,,,,,
295,bdo korea,"Professional, Scientific and Technical Services","$500,000,000 to $999,999,999",296,25,,,,,
296,omega venture partners,Banking and Financial Services,"$10,000,000 to $49,999,999",297,25,,,,,
297,northern trust,Banking and Financial Services,"Over $1,000,000,000",298,25,,,,,
298,stellantis n v,Manufacturing,"Over $1,000,000,000",299,25,80.0,49.0,,,
299,motor transportation division new mexico,Public Administration,Unknown,300,25,,,,,
300,twine,,"$1,000,000 to $9,999,999",301,25,,,,,
301,university of illinois,Public Administration,"Over $1,000,000,000",302,25,,,,,
302,ukg,Computer and Electronic Product Manufacturing,"Over $1,000,000,000",303,25,,,,,
303,travelers companies,Insurance,"Over $1,000,000,000",304,25,,,,,
304,uc san diego,Educational Services,"Over $1,000,000,000",305,25,,,,,
305,ministry of home affairs singapore,Public Administration,"Over $1,000,000,000",306,25,,,,,
306,eaton,Manufacturing,"Over $1,000,000,000",307,25,,,,,
307,stanley black decker,Manufacturing,"Over $1,000,000,000",308,25,,,,,
308,upskillist com,Banking and Financial Services,"$1,000,000 to $9,999,999",309,25,,,,,
309,public service division,Public Administration,"$200,000,000 to $499,999,999",310,25,,,,,
310,teradata,Computer and Electronic Product Manufacturing,"Over $1,000,000,000",311,25,,,,,
311,almabetter,Educational Services,"$10,000,000 to $49,999,999",312,24,,,,,
312,netapp,"Professional, Scientific and Technical Services","Over $1,000,000,000",313,24,,,,,
313,phdata,"Professional, Scientific and Technical Services","$50,000,000 to $99,999,999",314,24,,,,,
314,maersk,Transportation and Warehousing,"Over $1,000,000,000",315,24,,,,,
315,zurich insurance,Insurance,"Over $1,000,000,000",316,24,52.0,53.0,,,
316,vmly r france,"Professional, Scientific and Technical Services","$50,000,000 to $99,999,999",317,24,,,,,
317,koch industries,Pharmaceuticals and Chemicals Manufacturing,"Over $1,000,000,000",318,24,,,,,
318,itau unibanco,Banking and Financial Services,"Over $1,000,000,000",319,24,212.0,31.0,,,
319,university of colorado boulder,Educational Services,"Over $1,000,000,000",320,24,,,,,
320,krazy mantra of companies,"Professional, Scientific and Technical Services","$10,000,000 to $49,999,999",321,24,,,,,
321,spelman college,Educational Services,"$100,000,000 to $199,999,999",322,24,,,,,
322,novo nordisk a s,Pharmaceuticals and Chemicals Manufacturing,"Over $1,000,000,000",323,24,69.0,50.0,,,
323,amaze systems,"Professional, Scientific and Technical Services","$10,000,000 to $49,999,999",324,24,,,,,
324,siemens,Manufacturing,"Over $1,000,000,000",325,24,,,,,
325,genesys,Computer and Electronic Product Manufacturing,"Over $1,000,000,000",326,24,,,,,
326,coca-cola,Manufacturing,"Over $1,000,000,000",327,24,243.0,28.0,,,
327,apartment association of orange county,Industry Associations,"$1,000,000 to $9,999,999",328,24,,,,,
328,kansas action for children,Public Administration,"$1,000,000 to $9,999,999",329,24,,,,,
329,massgenics,Public Administration,"Less than $1,000,000",330,24,,,,,
330,beinex,"Professional, Scientific and Technical Services","$1,000,000 to $9,999,999",331,24,,,,,
331,pratt whitney,Manufacturing,"$200,000,000 to $499,999,999",332,24,,,,,
332,johns hopkins university,Educational Services,"Over $1,000,000,000",333,24,,,,,
333,change healthcare,"Professional, Scientific and Technical Services","Over $1,000,000,000",334,24,,,,,
334,purdue university,Educational Services,"Over $1,000,000,000",335,24,,,,,
335,exarca,Computer and Electronic Product Manufacturing,"$10,000,000 to $49,999,999",336,24,,,,,
336,cardinal health,Wholesale Trade,"Over $1,000,000,000",337,24,,,,,
337,gilbert sun news,Media and Entertainment,"$1,000,000 to $9,999,999",338,24,,,,,
338,photon,"Professional, Scientific and Technical Services","$100,000,000 to $199,999,999",339,24,,,,,
339,chevron,Mining and Natural Resources,"Over $1,000,000,000",340,24,169.0,35.0,,,
340,u s department of state,Public Administration,"Over $1,000,000,000",341,24,,,,,
341,dignify solutions,"Professional, Scientific and Technical Services","$10,000,000 to $49,999,999",342,24,,,,,
342,crescendo global,Service Industry,"$10,000,000 to $49,999,999",343,24,,,,,
343,college of charleston,Educational Services,"$200,000,000 to $499,999,999",344,24,,,,,
344,maryland state government,Public Administration,"Over $1,000,000,000",345,24,,,,,
345,pulivarthigroup com,"Professional, Scientific and Technical Services","$10,000,000 to $49,999,999",346,24,,,,,
346,seagate technology,Computer and Electronic Product Manufacturing,"Over $1,000,000,000",347,23,,,,,
347,lexisnexis,"Professional, Scientific and Technical Services","$10,000,000 to $49,999,999",348,23,,,,,
348,vcloud technology,"Professional, Scientific and Technical Services","$10,000,000 to $49,999,999",349,23,,,,,
349,panasonic,Wholesale Trade,"Over $1,000,000,000",350,23,,,,,
350,zoom video communications,Computer and Electronic Product Manufacturing,"Over $1,000,000,000",351,23,,,,,
351,boston scientific,Manufacturing,"Over $1,000,000,000",352,23,,,,,
352,tamu,Educational Services,"Over $1,000,000,000",353,23,,,,,
353,zhejiang lab,"Professional, Scientific and Technical Services","$10,000,000 to $49,999,999",354,23,,,,,
354,marktine technology solutions pvt,,"$1,000,000 to $9,999,999",355,23,,,,,
355,instadeep,Computer and Electronic Product Manufacturing,"$1,000,000 to $9,999,999",356,23,,,,,
356,acxiom,"Professional, Scientific and Technical Services","$500,000,000 to $999,999,999",357,23,,,,,
357,alcon,Manufacturing,"Over $1,000,000,000",358,23,,,,,
358,western digital,Computer and Electronic Product Manufacturing,"Over $1,000,000,000",359,23,,,,,
359,schlumberger n v,Mining and Natural Resources,"Over $1,000,000,000",360,23,,,,,
360,american,Insurance,"Over $1,000,000,000",361,23,195.0,33.0,,,
361,societe generale,Banking and Financial Services,"Over $1,000,000,000",362,23,159.0,37.0,,,
362,zuva,"Professional, Scientific and Technical Services","$1,000,000 to $9,999,999",363,23,,,,,
363,baker hughes,Mining and Natural Resources,"Over $1,000,000,000",364,23,,,,,
364,civenty,"Professional, Scientific and Technical Services","$10,000,000 to $49,999,999",365,23,,,,,
365,ricoh electronics,Manufacturing,"Over $1,000,000,000",366,23,,,,,
366,best western plus clock tower inn,"Professional, Scientific and Technical Services","$10,000,000 to $49,999,999",367,23,,,,,
367,red global,Service Industry,"$100,000,000 to $199,999,999",368,23,,,,,
368,entity academy,Computer and Electronic Product Manufacturing,"$1,000,000 to $9,999,999",369,23,,,,,
369,it engagements,"Professional, Scientific and Technical Services","$1,000,000 to $9,999,999",370,23,,,,,
370,explore ai,,Unknown,371,23,,,,,
371,agoda pte,Travel and Tourism,"$200,000,000 to $499,999,999",372,23,,,,,
372,kantar,"Professional, Scientific and Technical Services","Over $1,000,000,000",373,23,,,,,
373,mars,Manufacturing,"Over $1,000,000,000",374,23,,,,,
374,emerson electric,Computer and Electronic Product Manufacturing,"Over $1,000,000,000",375,23,,,,,
375,svb financial,Banking and Financial Services,"Over $1,000,000,000",376,23,299.0,5.0,,,
376,becton dickinson,Manufacturing,"Over $1,000,000,000",377,23,,,,,
377,longwood university,Educational Services,"$100,000,000 to $199,999,999",378,23,,,,,
378,hexaquest global,"Professional, Scientific and Technical Services","$10,000,000 to $49,999,999",379,23,,,,,
379,neal analytics,"Professional, Scientific and Technical Services","$10,000,000 to $49,999,999",380,23,,,,,
380,asu gsv summit,Banking and Financial Services,"$1,000,000 to $9,999,999",381,23,,,,,
381,datasumi,,,382,23,,,,,
382,block xyz,Computer and Electronic Product Manufacturing,"Over $1,000,000,000",383,23,,,,,
383,govtech singapore,"Professional, Scientific and Technical Services","$200,000,000 to $499,999,999",384,23,,,,,
384,slac national accelerator laboratory,Public Administration,"Over $1,000,000,000",385,23,,,,,
385,dominos pizza,Retail Trade,"Over $1,000,000,000",386,23,,,,,
386,latrobe financial management,Banking and Financial Services,"Over $1,000,000,000",387,23,,,,,
387,tesla motors,Manufacturing,"Over $1,000,000,000",388,23,,,,,
388,studyinternational com,Computer and Electronic Product Manufacturing,"$1,000,000 to $9,999,999",389,23,,,,,
389,emd performance materials,Pharmaceuticals and Chemicals Manufacturing,"$100,000,000 to $199,999,999",390,23,,,,,
390,expedia,Travel and Tourism,"Over $1,000,000,000",391,23,,,,,
391,fixity technologies,Computer and Electronic Product Manufacturing,"$10,000,000 to $49,999,999",392,23,,,,,
392,dassault systemes,Computer and Electronic Product Manufacturing,"Over $1,000,000,000",393,22,,,,,
393,cdo magazine,Media and Entertainment,"$1,000,000 to $9,999,999",394,22,,,,,
394,response informatics,"Professional, Scientific and Technical Services","$1,000,000 to $9,999,999",395,22,,,,,
395,crowe horwath llp,"Professional, Scientific and Technical Services","Over $1,000,000,000",396,22,,,,,
396,keycorp,Banking and Financial Services,"Over $1,000,000,000",397,22,,,,,
397,sony interactive entertainment,Computer and Electronic Product Manufacturing,"Over $1,000,000,000",398,22,,,,,
398,bayerische motoren werke,Manufacturing,"Over $1,000,000,000",399,22,,,,,
399,procorp systems,,"$1,000,000 to $9,999,999",400,22,,,,,
400,blockchains,"Professional, Scientific and Technical Services","$1,000,000 to $9,999,999",401,22,,,,,
401,ssi people,Service Industry,"$50,000,000 to $99,999,999",402,22,,,,,
402,northwestern mutual,Insurance,"Over $1,000,000,000",403,22,,,,,
403,point32health,Insurance,"Over $1,000,000,000",404,22,,,,,
404,bt,Telecommunications,"Over $1,000,000,000",405,22,,,,,
405,marcum-illinois union school district,Educational Services,"$1,000,000 to $9,999,999",406,22,,,,,
406,stryker,Manufacturing,"Over $1,000,000,000",407,22,,,,,
407,dhl,Transportation and Warehousing,"Over $1,000,000,000",408,22,,,,,
408,john wiley sons,Media and Entertainment,"Over $1,000,000,000",409,22,,,,,
409,marketscope,,"$10,000,000 to $49,999,999",410,22,,,,,
410,transorg analytics,"Professional, Scientific and Technical Services","$10,000,000 to $49,999,999",411,22,,,,,
411,transunion,"Professional, Scientific and Technical Services","Over $1,000,000,000",412,22,,,,,
412,codvo ai,Computer and Electronic Product Manufacturing,"$10,000,000 to $49,999,999",413,22,,,,,
413,syren cloud,Computer and Electronic Product Manufacturing,"$10,000,000 to $49,999,999",414,22,,,,,
414,pryon,"Professional, Scientific and Technical Services","$1,000,000 to $9,999,999",415,22,,,,,
415,nisum,"Professional, Scientific and Technical Services","$10,000,000 to $49,999,999",416,22,,,,,
416,phaidra,"Professional, Scientific and Technical Services","$10,000,000 to $49,999,999",417,22,,,,,
417,tekvivid,"Professional, Scientific and Technical Services","$10,000,000 to $49,999,999",418,22,,,,,
418,cvs health,Retail Trade,"Over $1,000,000,000",419,22,,,,,
419,coursera,Computer and Electronic Product Manufacturing,"$500,000,000 to $999,999,999",420,22,,,,,
420,pacific northwest national laboratory,"Professional, Scientific and Technical Services","$1,000,000 to $9,999,999",421,22,,,,,
421,sirius xm,Media and Entertainment,"Over $1,000,000,000",422,22,,,,,
422,duke department of population health sciences,Educational Services,"Over $1,000,000,000",423,22,,,,,
423,goli technologies,"Professional, Scientific and Technical Services","Less than $1,000,000",424,22,,,,,
424,allegheny health network,"Professional, Scientific and Technical Services","$10,000,000 to $49,999,999",425,22,,,,,
425,hca,Health Care and Social Assistance,"Over $1,000,000,000",426,22,,,,,
426,forward eye technologies,Educational Services,"$1,000,000 to $9,999,999",427,22,,,,,
427,lily ai,Computer and Electronic Product Manufacturing,"$10,000,000 to $49,999,999",428,22,,,,,
428,lg electronics,Computer and Electronic Product Manufacturing,"Over $1,000,000,000",429,22,,,,,
429,electronic arts,Computer and Electronic Product Manufacturing,"Over $1,000,000,000",430,22,,,,,
430,blackhistory com,Service Industry,"$1,000,000 to $9,999,999",431,22,,,,,
431,global payments systems,Banking and Financial Services,"Over $1,000,000,000",432,22,,,,,
432,spiceorb,"Professional, Scientific and Technical Services","$1,000,000 to $9,999,999",433,22,,,,,
433,akka technologies,"Professional, Scientific and Technical Services","Over $1,000,000,000",434,22,,,,,
434,expleo,"Professional, Scientific and Technical Services","$100,000,000 to $199,999,999",435,22,,,,,
435,university of florida college of medicine,Educational Services,"Over $1,000,000,000",436,22,,,,,
436,fusemachines,Computer and Electronic Product Manufacturing,"$50,000,000 to $99,999,999",437,22,,,,,
437,aaa-the auto club,Insurance,"Over $1,000,000,000",438,22,,,,,
438,collins aerospace,Manufacturing,,439,22,,,,,
439,corning,Manufacturing,"Over $1,000,000,000",440,22,,,,,
440,cox enterprises,Media and Entertainment,"Over $1,000,000,000",441,22,,,,,
441,huntington ingalls industries,Manufacturing,"Over $1,000,000,000",442,22,,,,,
442,veri bilimi okulu,"Professional, Scientific and Technical Services","$10,000,000 to $49,999,999",443,22,,,,,
443,open data science conference odsc,"Professional, Scientific and Technical Services","$10,000,000 to $49,999,999",444,22,,,,,
444,osttra,"Professional, Scientific and Technical Services","$100,000,000 to $199,999,999",445,22,,,,,
445,addsource,"Professional, Scientific and Technical Services","$1,000,000 to $9,999,999",446,22,,,,,
446,scribble data,"Professional, Scientific and Technical Services","$1,000,000 to $9,999,999",447,22,,,,,
447,baxter,Manufacturing,"Over $1,000,000,000",448,22,,,,,
448,aixventures com,Banking and Financial Services,"Less than $1,000,000",449,22,,,,,
449,new york life insurance,Insurance,"Over $1,000,000,000",450,22,,,,,
450,eliiza,"Professional, Scientific and Technical Services","$10,000,000 to $49,999,999",451,22,,,,,
451,kdnuggets,"Professional, Scientific and Technical Services","$10,000,000 to $49,999,999",452,22,,,,,
452,creeno solutions pvt,Computer and Electronic Product Manufacturing,"$10,000,000 to $49,999,999",453,22,,,,,
453,linkedin,"Professional, Scientific and Technical Services","Over $1,000,000,000",454,22,,,,,
454,isomorphic labs,,"$10,000,000 to $49,999,999",455,22,,,,,
455,go to services,Construction and Real Estate,"$10,000,000 to $49,999,999",456,22,,,,,
456,g42,"Professional, Scientific and Technical Services","$50,000,000 to $99,999,999",457,22,,,,,
457,sbcs india,Educational Services,,458,22,,,,,
458,temus,"Professional, Scientific and Technical Services","$10,000,000 to $49,999,999",459,22,,,,,
459,cbs,Media and Entertainment,"Over $1,000,000,000",460,22,,,,,
460,areti,,,461,22,,,,,
461,clarivate,"Professional, Scientific and Technical Services","$200,000,000 to $499,999,999",462,22,,,,,
462,moody college of communication,Educational Services,"Over $1,000,000,000",463,22,,,,,
463,gignow,Computer and Electronic Product Manufacturing,"$1,000,000 to $9,999,999",464,22,,,,,
464,cerebras systems,"Professional, Scientific and Technical Services","$10,000,000 to $49,999,999",465,22,,,,,
465,ballotpedia,Public Administration,Unknown,466,22,,,,,
466,tibco software,"Professional, Scientific and Technical Services","Over $1,000,000,000",467,22,,,,,
467,women in data,"Professional, Scientific and Technical Services","Less than $1,000,000",468,22,,,,,
468,canadian imperial bank of commerce can,Banking and Financial Services,"Over $1,000,000,000",469,22,,,,,
469,new york city department of transportation,Public Administration,"Over $1,000,000,000",470,22,,,,,
470,noodle ai,Computer and Electronic Product Manufacturing,"$10,000,000 to $49,999,999",471,21,,,,,
471,wiseanalytics io,,"$1,000,000 to $9,999,999",472,21,,,,,
472,stitched insights,"Professional, Scientific and Technical Services","$1,000,000 to $9,999,999",473,21,,,,,
473,global pharma tek,"Professional, Scientific and Technical Services","$10,000,000 to $49,999,999",474,21,,,,,
474,zendesk,Computer and Electronic Product Manufacturing,"Over $1,000,000,000",475,21,,,,,
475,exxon mobil,Mining and Natural Resources,"Over $1,000,000,000",476,21,219.0,30.0,,,
476,phygital insights,"Professional, Scientific and Technical Services","$10,000,000 to $49,999,999",477,21,,,,,
477,morgan state university,Educational Services,"$50,000,000 to $99,999,999",478,21,,,,,
478,tek inspirations,"Professional, Scientific and Technical Services","$1,000,000 to $9,999,999",479,21,,,,,
479,california state government,Public Administration,"Over $1,000,000,000",480,21,,,,,
480,telekom shop,Telecommunications,"Over $1,000,000,000",481,21,,,,,
481,palo alto networks,Computer and Electronic Product Manufacturing,"Over $1,000,000,000",482,21,,,,,
482,directv,Media and Entertainment,"Over $1,000,000,000",483,21,,,,,
483,metyis,"Professional, Scientific and Technical Services","$10,000,000 to $49,999,999",484,21,,,,,
484,morningstar,Banking and Financial Services,"Over $1,000,000,000",485,21,,,,,
485,entergy,Utilities,"Over $1,000,000,000",486,21,,,,,
486,el michoacano,Travel and Tourism,"Over $1,000,000,000",487,21,,,,,
487,altfi,Banking and Financial Services,"$1,000,000 to $9,999,999",488,21,,,,,
488,umd,Public Administration,"Over $1,000,000,000",489,21,,,,,
489,prevalent ai,Computer and Electronic Product Manufacturing,"$1,000,000 to $9,999,999",490,21,,,,,
490,arm,Computer and Electronic Product Manufacturing,"Over $1,000,000,000",491,21,,,,,
491,gm financial,Banking and Financial Services,"Over $1,000,000,000",492,21,176.0,35.0,,,
492,cotiviti,Telecommunications,"$500,000,000 to $999,999,999",493,21,,,,,
493,overture rede,,"$1,000,000 to $9,999,999",494,21,,,,,
494,truefoundry com,Computer and Electronic Product Manufacturing,"$1,000,000 to $9,999,999",495,21,,,,,
495,first republic bank,Banking and Financial Services,"Over $1,000,000,000",496,21,,,,,
496,wyetech,Computer and Electronic Product Manufacturing,"$10,000,000 to $49,999,999",497,21,,,,,
497,booth partners,Public Administration,"$10,000,000 to $49,999,999",498,21,,,,,
498,nestortechnologies com,"Professional, Scientific and Technical Services","Less than $1,000,000",499,21,,,,,
499,westpac banking,Banking and Financial Services,"Over $1,000,000,000",500,21,127.0,41.0,,,
500,netflix,Media and Entertainment,"Over $1,000,000,000",501,21,137.0,40.0,,,
501,syngenta ppm uae,Pharmaceuticals and Chemicals Manufacturing,"Over $1,000,000,000",502,21,,,,,
502,nasa - national aeronautics space administration,Public Administration,"Over $1,000,000,000",503,21,,,,,
503,zf,Manufacturing,"Over $1,000,000,000",504,21,,,,,
504,smartasset advisors,,,505,21,,,,,
505,providenceindia in,Insurance,"$10,000,000 to $49,999,999",506,21,,,,,
506,university of vienna,,,507,21,,,,,
507,jio,Telecommunications,"Over $1,000,000,000",508,21,,,,,
508,rutgers business school,Educational Services,"Over $1,000,000,000",509,21,,,,,
509,disco,Computer and Electronic Product Manufacturing,"$1,000,000 to $9,999,999",510,21,,,,,
510,university of wisconsin-madison,Educational Services,"$200,000,000 to $499,999,999",511,21,,,,,
511,moodys,"Professional, Scientific and Technical Services","Over $1,000,000,000",512,21,,,,,
512,sky sport,Media and Entertainment,"Over $1,000,000,000",513,21,,,,,
513,factset research systems,"Professional, Scientific and Technical Services","Over $1,000,000,000",514,21,,,,,
514,hiroad,Insurance,"$1,000,000 to $9,999,999",515,21,,,,,
515,deutsche telekom services europe - slovakia,"Professional, Scientific and Technical Services","$10,000,000 to $49,999,999",516,21,,,,,
516,hyundai motor,Manufacturing,"Over $1,000,000,000",517,21,139.0,40.0,,,
517,ekfrazo technologies,,Unknown,518,21,,,,,
518,twilio,Computer and Electronic Product Manufacturing,"Over $1,000,000,000",519,21,,,,,
519,inside higher ed,,"$1,000,000 to $9,999,999",520,21,,,,,
520,exponentia ai,"Professional, Scientific and Technical Services","$1,000,000 to $9,999,999",521,21,,,,,
521,first american,Insurance,"Over $1,000,000,000",522,21,,,,,
522,american airlines,Travel and Tourism,"Over $1,000,000,000",523,21,,,,,
523,defense information systems agency,,,524,21,,,,,
524,veolia,Utilities,"Over $1,000,000,000",525,21,,,,,
525,informatica,Computer and Electronic Product Manufacturing,"Over $1,000,000,000",526,21,,,,,
526,epergnesolutions com,"Professional, Scientific and Technical Services","$1,000,000 to $9,999,999",527,21,,,,,
527,latentbridge,"Professional, Scientific and Technical Services","$1,000,000 to $9,999,999",528,21,,,,,
528,universidad santo tomas,Educational Services,"Less than $1,000,000",529,21,,,,,
529,penn foster,Educational Services,"$100,000,000 to $199,999,999",530,21,,,,,
530,kroger pharmacy,Retail Trade,"$200,000,000 to $499,999,999",531,21,,,,,
531,capinfo,,,532,21,,,,,
532,turing,Computer and Electronic Product Manufacturing,"$1,000,000 to $9,999,999",533,21,,,,,
533,daimler truck,Manufacturing,"Over $1,000,000,000",534,21,179.0,34.0,,,
534,blueshift brasil,"Professional, Scientific and Technical Services","$1,000,000 to $9,999,999",535,21,,,,,
535,xpt software australia,,"$10,000,000 to $49,999,999",536,21,,,,,
536,creditxpert,,"$1,000,000 to $9,999,999",537,21,,,,,
537,u s department of veterans affairs,Public Administration,"Over $1,000,000,000",538,21,,,,,
538,programmez,"Professional, Scientific and Technical Services","$1,000,000 to $9,999,999",539,21,,,,,
539,zillow,"Professional, Scientific and Technical Services","$500,000,000 to $999,999,999",540,21,,,,,
540,rapidbrains com,,,541,21,,,,,
541,aithenutrigene,,,542,21,,,,,
542,crowdstreet,Banking and Financial Services,"$10,000,000 to $49,999,999",543,21,,,,,
543,galaxeye space,Manufacturing,"$1,000,000 to $9,999,999",544,21,,,,,
544,themathcompany,,"$10,000,000 to $49,999,999",545,21,,,,,
545,intact assurance,Insurance,"Over $1,000,000,000",546,21,,,,,
546,nielsen,"Professional, Scientific and Technical Services","Over $1,000,000,000",547,21,,,,,
547,red ventures,"Professional, Scientific and Technical Services","Over $1,000,000,000",548,21,,,,,
548,rwsgroup in,Transportation and Warehousing,Unknown,549,21,,,,,
549,equinix,"Professional, Scientific and Technical Services","Over $1,000,000,000",550,21,,,,,
550,n-touch strategies,,,551,21,,,,,
551,snapx,"Professional, Scientific and Technical Services","$1,000,000 to $9,999,999",552,21,,,,,
552,senzmate iot intelligence,"Professional, Scientific and Technical Services","$1,000,000 to $9,999,999",553,21,,,,,
553,meta 3d studios,"Professional, Scientific and Technical Services","$1,000,000 to $9,999,999",554,20,,,,,
554,eon-gridsolutions com,,,555,20,,,,,
555,kym advisors,"Professional, Scientific and Technical Services","$1,000,000 to $9,999,999",556,20,,,,,
556,pacific gas electric,,,557,20,,,,,
557,elixir org in,Educational Services,"Less than $1,000,000",558,20,,,,,
558,recro,"Professional, Scientific and Technical Services","$10,000,000 to $49,999,999",559,20,,,,,
559,pharmaforceiq,,,560,20,,,,,
560,cencora,Wholesale Trade,"Over $1,000,000,000",561,20,155.0,38.0,,,
561,evernorth health services,Industry Associations,Unknown,562,20,,,,,
562,boston university,Educational Services,"Over $1,000,000,000",563,20,,,,,
563,adeal systems,"Professional, Scientific and Technical Services","$1,000,000 to $9,999,999",564,20,,,,,
564,united overseas bank,Banking and Financial Services,"Over $1,000,000,000",565,20,168.0,36.0,,,
565,3d technologies,Computer and Electronic Product Manufacturing,"$1,000,000 to $9,999,999",566,20,,,,,
566,itw cer,Manufacturing,"Over $1,000,000,000",567,20,,,,,
567,k raheja,,"$1,000,000 to $9,999,999",568,20,,,,,
568,ci t,"Professional, Scientific and Technical Services","$100,000,000 to $199,999,999",569,20,,,,,
569,affine in,Service Industry,"$10,000,000 to $49,999,999",570,20,,,,,
570,lattice,Computer and Electronic Product Manufacturing,"$50,000,000 to $99,999,999",571,20,,,,,
571,semantix brasil,"Professional, Scientific and Technical Services","$50,000,000 to $99,999,999",572,20,,,,,
572,beam data,"Professional, Scientific and Technical Services","$1,000,000 to $9,999,999",573,20,,,,,
573,protosoft com sg,,,574,20,,,,,
574,sams west,Retail Trade,"Over $1,000,000,000",575,20,,,,,
575,shuvel net,"Professional, Scientific and Technical Services","$1,000,000 to $9,999,999",576,20,,,,,
576,cargill incorporated,Wholesale Trade,"Over $1,000,000,000",577,20,,,,,
577,university of california berkeley,Educational Services,"Over $1,000,000,000",578,20,,,,,
578,compass uol,Telecommunications,"$50,000,000 to $99,999,999",579,20,,,,,
579,mitsubishi ufj financial,Banking and Financial Services,"Over $1,000,000,000",580,20,91.0,46.0,,,
580,wissen infotech,"Professional, Scientific and Technical Services","$10,000,000 to $49,999,999",581,20,,,,,
581,ubiai tools,Computer and Electronic Product Manufacturing,"Less than $1,000,000",582,20,,,,,
582,endeavor global,Industry Associations,"$1,000,000 to $9,999,999",583,20,,,,,
583,ubc sauder school of business,Educational Services,"Over $1,000,000,000",584,20,,,,,
584,providence health services,Health Care and Social Assistance,"Over $1,000,000,000",585,20,,,,,
585,startree,Computer and Electronic Product Manufacturing,"$10,000,000 to $49,999,999",586,20,,,,,
586,united site services,Service Industry,"$500,000,000 to $999,999,999",587,20,,,,,
587,kinesso,Service Industry,"$10,000,000 to $49,999,999",588,20,,,,,
588,bmc software,Computer and Electronic Product Manufacturing,"Over $1,000,000,000",589,20,,,,,
589,cloudcraftz,Computer and Electronic Product Manufacturing,"$1,000,000 to $9,999,999",590,20,,,,,
590,molina healthcare,Insurance,"Over $1,000,000,000",591,20,,,,,
591,hgs - hinduja global solutions,"Professional, Scientific and Technical Services","$500,000,000 to $999,999,999",592,20,,,,,
592,uc irvine,,"Over $1,000,000,000",593,20,,,,,
593,asurion,Insurance,"Over $1,000,000,000",594,20,,,,,
594,global,"Professional, Scientific and Technical Services","$10,000,000 to $49,999,999",595,20,,,,,
595,ttec,"Professional, Scientific and Technical Services","Over $1,000,000,000",596,20,,,,,
596,corteva,Pharmaceuticals and Chemicals Manufacturing,"Over $1,000,000,000",597,20,,,,,
597,kimberly-clark,Manufacturing,"Over $1,000,000,000",598,20,,,,,
598,acord,"Professional, Scientific and Technical Services","$10,000,000 to $49,999,999",599,20,,,,,
599,advanced institute of information technology peking university,,"$10,000,000 to $49,999,999",600,20,,,,,
600,commonwealth bank,Banking and Financial Services,"Over $1,000,000,000",601,20,49.0,54.0,,,
601,amakshar com,,,602,20,,,,,
602,swiss re,Insurance,"Over $1,000,000,000",603,20,149.0,39.0,,,
603,irobot,Manufacturing,"Over $1,000,000,000",604,20,,,,,
604,shiru,"Professional, Scientific and Technical Services","$1,000,000 to $9,999,999",605,20,,,,,
605,campus pride,Service Industry,"$1,000,000 to $9,999,999",606,20,,,,,
606,docsumo,Computer and Electronic Product Manufacturing,"$1,000,000 to $9,999,999",607,20,,,,,
607,harvard university,Educational Services,"Over $1,000,000,000",608,20,,,,,
608,volvo,Manufacturing,"Over $1,000,000,000",609,20,134.0,40.0,,,
609,cox automotive,Wholesale Trade,"Over $1,000,000,000",610,20,,,,,
610,epsoft technologies,"Professional, Scientific and Technical Services","$10,000,000 to $49,999,999",611,20,,,,,
611,biolife plasma services l p,Health Care and Social Assistance,"$500,000,000 to $999,999,999",612,20,,,,,
612,cloudera,Computer and Electronic Product Manufacturing,"$500,000,000 to $999,999,999",613,20,,,,,
613,american honda motor,,,614,20,,,,,
614,grab,Travel and Tourism,"$200,000,000 to $499,999,999",615,20,,,,,
615,reuters news agency,Media and Entertainment,"$50,000,000 to $99,999,999",616,20,,,,,
616,assurant,Insurance,"Over $1,000,000,000",617,20,,,,,
617,mojro,"Professional, Scientific and Technical Services","$1,000,000 to $9,999,999",618,20,,,,,
618,ciena,Computer and Electronic Product Manufacturing,"Over $1,000,000,000",619,20,,,,,
619,hr university,Educational Services,"Less than $1,000,000",620,20,,,,,
620,astek,,"$10,000,000 to $49,999,999",621,20,,,,,
621,pryon,Computer and Electronic Product Manufacturing,"$10,000,000 to $49,999,999",622,20,,,,,
622,elevate textiles,Manufacturing,"Over $1,000,000,000",623,20,,,,,
623,lloyds banking,Banking and Financial Services,"Over $1,000,000,000",624,20,72.0,50.0,,,
624,kcf technologies,"Professional, Scientific and Technical Services",Unknown,625,20,,,,,
625,atlassian,Computer and Electronic Product Manufacturing,"Over $1,000,000,000",626,20,,,,,
626,nova credit union,Banking and Financial Services,"$1,000,000 to $9,999,999",627,20,,,,,
627,rtwohealthcare com,Computer and Electronic Product Manufacturing,"$1,000,000 to $9,999,999",628,20,,,,,
628,ttecdigital com,"Professional, Scientific and Technical Services","$200,000,000 to $499,999,999",629,20,,,,,
629,southwest airlines,Travel and Tourism,"Over $1,000,000,000",630,20,,,,,
630,cognitiv,,"$1,000,000 to $9,999,999",631,20,,,,,
631,macquarie private wealth,Banking and Financial Services,"Over $1,000,000,000",632,20,,,,,
632,splunk,Computer and Electronic Product Manufacturing,"Over $1,000,000,000",633,20,,,,,
633,veracity software,"Professional, Scientific and Technical Services","$1,000,000 to $9,999,999",634,20,,,,,
634,deep abacus,Public Administration,"Less than $1,000,000",635,20,,,,,
635,moffettai com,,Unknown,636,20,,,,,
636,highmark health,Insurance,"Over $1,000,000,000",637,20,,,,,
637,ineuron ai,"Professional, Scientific and Technical Services","$50,000,000 to $99,999,999",638,20,,,,,
638,sumitomo mitsui banking - global,Banking and Financial Services,"Over $1,000,000,000",639,20,,,,,
639,loreal,Pharmaceuticals and Chemicals Manufacturing,"Over $1,000,000,000",640,20,210.0,31.0,,,
640,synopsys,Computer and Electronic Product Manufacturing,"Over $1,000,000,000",641,20,,,,,
641,papasiddhi - information technology,"Professional, Scientific and Technical Services","$1,000,000 to $9,999,999",642,20,,,,,
642,hague tech,,,643,20,,,,,
643,callsimulator com,Computer and Electronic Product Manufacturing,"$1,000,000 to $9,999,999",644,20,,,,,
644,ing office,Banking and Financial Services,"Over $1,000,000,000",645,20,,,,,
645,unit8,Computer and Electronic Product Manufacturing,"$1,000,000 to $9,999,999",646,20,,,,,
646,university of chicago pritzker school of medicine,Educational Services,"Over $1,000,000,000",647,20,,,,,
647,scale ai,Computer and Electronic Product Manufacturing,"$50,000,000 to $99,999,999",648,20,,,,,
648,wpp,"Professional, Scientific and Technical Services","Over $1,000,000,000",649,20,,,,,
649,saama,"Professional, Scientific and Technical Services","$50,000,000 to $99,999,999",650,20,,,,,
650,cybercube,Computer and Electronic Product Manufacturing,"$1,000,000 to $9,999,999",651,20,,,,,
651,cognitive space,Manufacturing,"$1,000,000 to $9,999,999",652,20,,,,,
652,graphcore,Computer and Electronic Product Manufacturing,"$1,000,000 to $9,999,999",653,20,,,,,
653,encharge ai,,"Less than $1,000,000",654,20,,,,,
654,clavrit com,"Professional, Scientific and Technical Services","$1,000,000 to $9,999,999",655,20,,,,,
655,einride,Manufacturing,"$1,000,000 to $9,999,999",656,20,256.0,26.0,,,
656,nomadgao,,,657,20,,,,,
657,evidian - atos cyber security,"Professional, Scientific and Technical Services","$10,000,000 to $49,999,999",658,20,,,,,
658,altana technologies,Computer and Electronic Product Manufacturing,"$10,000,000 to $49,999,999",659,20,,,,,
659,cyient,"Professional, Scientific and Technical Services","$500,000,000 to $999,999,999",660,20,,,,,
660,government of ontario,Public Administration,"Over $1,000,000,000",661,20,,,,,
661,vayuz technologies,"Professional, Scientific and Technical Services","$1,000,000 to $9,999,999",662,20,,,,,
662,carvana,Retail Trade,"Over $1,000,000,000",663,20,,,,,
663,mutt data,"Professional, Scientific and Technical Services","$10,000,000 to $49,999,999",664,20,,,,,
664,infilect,Computer and Electronic Product Manufacturing,"$10,000,000 to $49,999,999",665,20,,,,,
665,navy federal credit union foundation,Banking and Financial Services,"Over $1,000,000,000",666,20,,,,,
666,carrier global,Manufacturing,"Over $1,000,000,000",667,20,,,,,
667,conduent incorporated,"Professional, Scientific and Technical Services","Over $1,000,000,000",668,19,,,,,
668,wtw measurement systems,Computer and Electronic Product Manufacturing,"$1,000,000 to $9,999,999",669,19,,,,,
669,zp,,"$10,000,000 to $49,999,999",670,19,,,,,
670,trimble,"Professional, Scientific and Technical Services","Over $1,000,000,000",671,19,,,,,
671,flipped ai,"Professional, Scientific and Technical Services","$1,000,000 to $9,999,999",672,19,,,,,
672,onemain,,,673,19,,,,,
673,databricks,Computer and Electronic Product Manufacturing,"Over $1,000,000,000",674,19,,,,,
674,braintrust3d,"Professional, Scientific and Technical Services","$1,000,000 to $9,999,999",675,19,,,,,
675,shoptrue,Retail Trade,"$1,000,000 to $9,999,999",676,19,,,,,
676,cigna,,"$10,000,000 to $49,999,999",677,19,,,,,
677,celeb-ai,Computer and Electronic Product Manufacturing,"$10,000,000 to $49,999,999",678,19,,,,,
678,penn state university,Educational Services,"Over $1,000,000,000",679,19,,,,,
679,redberyl tech solutions pvt,,,680,19,,,,,
680,few far,Service Industry,"$1,000,000 to $9,999,999",681,19,,,,,
681,american family insurance,Insurance,"Over $1,000,000,000",682,19,,,,,
682,women of vine spirits,Retail Trade,"$10,000,000 to $49,999,999",683,19,,,,,
683,xiaomi technology,Computer and Electronic Product Manufacturing,"Over $1,000,000,000",684,19,,,,,
684,spotify technology,Media and Entertainment,"Over $1,000,000,000",685,19,,,,,
685,cfa institute,Industry Associations,"$200,000,000 to $499,999,999",686,19,,,,,
686,heise medien,Manufacturing,"$10,000,000 to $49,999,999",687,19,,,,,
687,sae,Industry Associations,"$50,000,000 to $99,999,999",688,19,,,,,
688,aia,Insurance,"Over $1,000,000,000",689,19,140.0,40.0,,,
689,nomad health,,"$10,000,000 to $49,999,999",690,19,,,,,
690,alight delaware,"Professional, Scientific and Technical Services","Over $1,000,000,000",691,19,,,,,
691,tyson foods,Manufacturing,"Over $1,000,000,000",692,19,,,,,
692,alois solutions,Service Industry,"$10,000,000 to $49,999,999",693,19,,,,,
693,ai21 labs,,"$10,000,000 to $49,999,999",694,19,,,,,
694,elder research,,"$10,000,000 to $49,999,999",695,19,,,,,
695,volkswagen,Manufacturing,"Over $1,000,000,000",696,19,25.0,62.0,,,
696,ikea,Retail Trade,"Over $1,000,000,000",697,19,,,,,
697,optimum data analytics,"Professional, Scientific and Technical Services","$1,000,000 to $9,999,999",698,19,,,,,
698,evalueserve,"Professional, Scientific and Technical Services","$50,000,000 to $99,999,999",699,19,,,,,
699,eurofins biodiagnostics,"Professional, Scientific and Technical Services","$200,000,000 to $499,999,999",700,19,,,,,
700,gather ai,Manufacturing,"$1,000,000 to $9,999,999",701,19,,,,,
701,safeway,Retail Trade,"Over $1,000,000,000",702,19,,,,,
702,university of pennsylvania school of nursing,Educational Services,"Over $1,000,000,000",703,19,,,,,
703,chewy com,Retail Trade,"Over $1,000,000,000",704,19,,,,,
704,aira matrix,Computer and Electronic Product Manufacturing,"$10,000,000 to $49,999,999",705,19,,,,,
705,data meaning,"Professional, Scientific and Technical Services","$10,000,000 to $49,999,999",706,19,,,,,
706,esri,Wholesale Trade,"Over $1,000,000,000",707,19,,,,,
707,centre for computational technologies cctech,,"$10,000,000 to $49,999,999",708,19,,,,,
708,udemy,Educational Services,"$500,000,000 to $999,999,999",709,19,,,,,
709,bath fitter,Retail Trade,"$50,000,000 to $99,999,999",710,19,,,,,
710,open text,Computer and Electronic Product Manufacturing,"Over $1,000,000,000",711,19,,,,,
711,arting digital,,,712,19,,,,,
712,global traffic technologies,Computer and Electronic Product Manufacturing,"$10,000,000 to $49,999,999",713,19,,,,,
713,ferguson enterprises,Wholesale Trade,"Over $1,000,000,000",714,19,,,,,
714,workiva,Computer and Electronic Product Manufacturing,"$500,000,000 to $999,999,999",715,19,,,,,
715,datar labs,"Professional, Scientific and Technical Services","Less than $1,000,000",716,19,,,,,
716,innodatatics innovation data analytics,,"$1,000,000 to $9,999,999",717,19,,,,,
717,technopark trivandrum,"Professional, Scientific and Technical Services","$10,000,000 to $49,999,999",718,19,,,,,
718,o9 solutions,Computer and Electronic Product Manufacturing,"$50,000,000 to $99,999,999",719,19,,,,,
719,comcast technology solutions,Computer and Electronic Product Manufacturing,"$10,000,000 to $49,999,999",720,19,,,,,
720,omdena,"Professional, Scientific and Technical Services","$50,000,000 to $99,999,999",721,19,,,,,
721,data science ua,"Professional, Scientific and Technical Services","Less than $1,000,000",722,19,,,,,
722,outerbounds,Computer and Electronic Product Manufacturing,"Less than $1,000,000",723,19,,,,,
723,walgreens,Retail Trade,"Over $1,000,000,000",724,19,,,,,
724,assemblyai,"Professional, Scientific and Technical Services","$10,000,000 to $49,999,999",725,19,,,,,
725,te connectivity,Manufacturing,"Over $1,000,000,000",726,19,,,,,
726,stripe,Computer and Electronic Product Manufacturing,"Over $1,000,000,000",727,19,,,,,
727,ocbc,Banking and Financial Services,"Over $1,000,000,000",728,19,,,,,
728,amaris ai pte,,"$1,000,000 to $9,999,999",729,19,,,,,
729,mi-gso pcubed,"Professional, Scientific and Technical Services","$100,000,000 to $199,999,999",730,19,,,,,
730,aitouch,"Professional, Scientific and Technical Services","$10,000,000 to $49,999,999",731,19,,,,,
731,lvmh moet hennessy louis vuitton,Wholesale Trade,"Over $1,000,000,000",732,19,289.0,15.0,,,
732,techtok,,,733,19,,,,,
733,compagnie de saint gobain,Manufacturing,"Over $1,000,000,000",734,19,,,,,
734,maarut,"Professional, Scientific and Technical Services","$10,000,000 to $49,999,999",735,19,,,,,
735,court of appeals,Public Administration,"Over $1,000,000,000",736,19,,,,,
736,staples,Retail Trade,"Over $1,000,000,000",737,19,,,,,
737,acz global pvt,,"$1,000,000 to $9,999,999",738,19,,,,,
738,mcdonalds,Retail Trade,"Over $1,000,000,000",739,19,175.0,35.0,,,
739,intuitive apps,"Professional, Scientific and Technical Services","$1,000,000 to $9,999,999",740,19,,,,,
740,senior resource,Construction and Real Estate,"$100,000,000 to $199,999,999",741,19,,,,,
741,epsilon,"Professional, Scientific and Technical Services","Over $1,000,000,000",742,19,,,,,
742,hso,Construction and Real Estate,"$50,000,000 to $99,999,999",743,19,,,,,
743,elgebra com,,"$1,000,000 to $9,999,999",744,19,,,,,
744,neutigers com,"Professional, Scientific and Technical Services","$1,000,000 to $9,999,999",745,19,,,,,
745,alphastream ai,Banking and Financial Services,"$10,000,000 to $49,999,999",746,19,,,,,
746,marriott,Travel and Tourism,"Over $1,000,000,000",747,19,,,,,
747,infineon technologies,Computer and Electronic Product Manufacturing,"Over $1,000,000,000",748,19,,,,,
748,anheuser busch inbev,Manufacturing,"Over $1,000,000,000",749,19,253.0,26.0,,,
749,nasdaq,Banking and Financial Services,"Over $1,000,000,000",750,19,,,,,
750,infinity financial solutions,,"$10,000,000 to $49,999,999",751,19,,,,,
751,digihelic solutions pvt,"Professional, Scientific and Technical Services","$1,000,000 to $9,999,999",752,19,,,,,
752,d-vois communications pvt,Media and Entertainment,"$10,000,000 to $49,999,999",753,19,,,,,
753,federal reserve board,Public Administration,"Over $1,000,000,000",754,19,,,,,
754,ameriprise financial,Banking and Financial Services,"Over $1,000,000,000",755,19,274.0,20.0,,,
755,michigan state university main library,Public Administration,"Over $1,000,000,000",756,19,,,,,
756,american welding society,"Professional, Scientific and Technical Services","$10,000,000 to $49,999,999",757,19,,,,,
757,diatoz digital a to z solutions,"Professional, Scientific and Technical Services","$10,000,000 to $49,999,999",758,19,,,,,
758,dautom com,,,759,19,,,,,
759,flux auto,,"$1,000,000 to $9,999,999",760,19,,,,,
760,findability ai,"Professional, Scientific and Technical Services","$10,000,000 to $49,999,999",761,19,,,,,
761,mindsprint pte,,,762,19,,,,,
762,thirdeyedata ai,"Professional, Scientific and Technical Services","$10,000,000 to $49,999,999",763,19,,,,,
763,eegrab,"Professional, Scientific and Technical Services","$1,000,000 to $9,999,999",764,19,,,,,
764,paretos com,,,765,19,,,,,
765,skillreigns,,,766,19,,,,,
766,sandia national laboratories,,,767,19,,,,,
767,rockwell automation,Manufacturing,"Over $1,000,000,000",768,19,,,,,
768,georgia-pacific,Manufacturing,"Over $1,000,000,000",769,19,,,,,
769,bulien,"Professional, Scientific and Technical Services","Less than $1,000,000",770,19,,,,,
770,intellify solutions pvt,"Professional, Scientific and Technical Services","$1,000,000 to $9,999,999",771,19,,,,,
771,dun bradstreet,"Professional, Scientific and Technical Services","Over $1,000,000,000",772,19,,,,,
772,block,,,773,19,,,,,
773,cognet9,,,774,19,,,,,
774,prodware,"Professional, Scientific and Technical Services","$100,000,000 to $199,999,999",775,19,,,,,
775,savannah seeds pvt,Manufacturing,"$10,000,000 to $49,999,999",776,19,,,,,
776,cornell university,Educational Services,"Over $1,000,000,000",777,19,,,,,
777,chowa giken,"Professional, Scientific and Technical Services","$1,000,000 to $9,999,999",778,19,,,,,
778,basf,Pharmaceuticals and Chemicals Manufacturing,"Over $1,000,000,000",779,19,,,,,
779,indegene,"Professional, Scientific and Technical Services","$10,000,000 to $49,999,999",780,19,,,,,
780,nsw department of education,Public Administration,"Over $1,000,000,000",781,19,,,,,
781,argo ai,Manufacturing,"$50,000,000 to $99,999,999",782,19,,,,,
782,amazon games,,,783,19,,,,,
783,waterloo engineering society,Educational Services,"$500,000,000 to $999,999,999",784,19,,,,,
784,ifood,Telecommunications,"$100,000,000 to $199,999,999",785,19,,,,,
785,chryselys,"Professional, Scientific and Technical Services","$1,000,000 to $9,999,999",786,19,,,,,
786,university of virginia,Educational Services,"Over $1,000,000,000",787,19,,,,,
787,velosio,"Professional, Scientific and Technical Services","$10,000,000 to $49,999,999",788,19,,,,,
788,it alliance australia,"Professional, Scientific and Technical Services","$10,000,000 to $49,999,999",789,19,,,,,
789,information lab luxembourg,Wholesale Trade,"$10,000,000 to $49,999,999",790,19,,,,,
790,viasat,Computer and Electronic Product Manufacturing,"Over $1,000,000,000",791,19,,,,,
791,futuremug,Public Administration,"$1,000,000 to $9,999,999",792,19,,,,,
792,nexer,"Professional, Scientific and Technical Services","$100,000,000 to $199,999,999",793,19,,,,,
793,goto,Computer and Electronic Product Manufacturing,"Over $1,000,000,000",794,19,,,,,
794,carmansg com,"Professional, Scientific and Technical Services","$10,000,000 to $49,999,999",795,19,,,,,
795,noze,Service Industry,"$1,000,000 to $9,999,999",796,19,,,,,
796,redmart,,,797,19,,,,,
797,groupm,"Professional, Scientific and Technical Services","Over $1,000,000,000",798,19,,,,,
798,vrk it vision,"Professional, Scientific and Technical Services","$10,000,000 to $49,999,999",799,19,,,,,
799,vertex pharmaceuticals,Pharmaceuticals and Chemicals Manufacturing,"Over $1,000,000,000",800,19,,,,,
800,crane venture partners,Banking and Financial Services,"Less than $1,000,000",801,19,,,,,
801,theron technology solutions,"Professional, Scientific and Technical Services","$10,000,000 to $49,999,999",802,19,,,,,
802,biz-tech analytics,,,803,18,,,,,
803,bhavyam,,,804,18,,,,,
804,principal financial,Insurance,"Over $1,000,000,000",805,18,,,,,
805,coactive ai,Computer and Electronic Product Manufacturing,"Less than $1,000,000",806,18,,,,,
806,eon systems,,,807,18,,,,,
807,stmicroelectronics,Computer and Electronic Product Manufacturing,"Over $1,000,000,000",808,18,,,,,
808,clinics-choice com,"Professional, Scientific and Technical Services","$1,000,000 to $9,999,999",809,18,,,,,
809,university system of georgia,Educational Services,"Over $1,000,000,000",810,18,,,,,
810,mass general brigham,Health Care and Social Assistance,"Over $1,000,000,000",811,18,,,,,
811,huntington bancshares,Banking and Financial Services,"Over $1,000,000,000",812,18,,,,,
812,amberflux edgeai private,"Professional, Scientific and Technical Services","$1,000,000 to $9,999,999",813,18,,,,,
813,instapro,,,814,18,,,,,
814,nomura,,,815,18,,,,,
815,truera,Computer and Electronic Product Manufacturing,"$1,000,000 to $9,999,999",816,18,,,,,
816,xpo logistics,Transportation and Warehousing,"Over $1,000,000,000",817,18,,,,,
817,darkstar,,"$1,000,000 to $9,999,999",818,18,,,,,
818,sdaia,,"$10,000,000 to $49,999,999",819,18,,,,,
819,deepbrainz,Computer and Electronic Product Manufacturing,"Less than $1,000,000",820,18,,,,,
820,facctum com,,Unknown,821,18,,,,,
821,safran,Manufacturing,"Over $1,000,000,000",822,18,182.0,34.0,,,
822,bluwave-ai,Service Industry,"$1,000,000 to $9,999,999",823,18,,,,,
823,veracitiz,,"$1,000,000 to $9,999,999",824,18,,,,,
824,western union,Banking and Financial Services,"Over $1,000,000,000",825,18,,,,,
825,experfy,,"$10,000,000 to $49,999,999",826,18,,,,,
826,firsteigen,"Professional, Scientific and Technical Services","$1,000,000 to $9,999,999",827,18,,,,,
827,codigo - mobile app,Health Care and Social Assistance,"$1,000,000 to $9,999,999",828,18,,,,,
828,miuul,Educational Services,"$10,000,000 to $49,999,999",829,18,,,,,
829,cfb bots pte,"Professional, Scientific and Technical Services","$1,000,000 to $9,999,999",830,18,,,,,
830,citrix systems,Computer and Electronic Product Manufacturing,"Over $1,000,000,000",831,18,,,,,
831,walt disney animation studios,Media and Entertainment,"$50,000,000 to $99,999,999",832,18,,,,,
832,veritas technologies,"Professional, Scientific and Technical Services","Over $1,000,000,000",833,18,,,,,
833,ai superior,Computer and Electronic Product Manufacturing,"$1,000,000 to $9,999,999",834,18,,,,,
834,mga homecare,Health Care and Social Assistance,Unknown,835,18,,,,,
835,rivian automotive de,Manufacturing,"Over $1,000,000,000",836,18,,,,,
836,prescience decision solutions,"Professional, Scientific and Technical Services","$10,000,000 to $49,999,999",837,18,,,,,
837,british broadcasting,Media and Entertainment,"Over $1,000,000,000",838,18,,,,,
838,carelon global solutions,"Professional, Scientific and Technical Services","$10,000,000 to $49,999,999",839,18,,,,,
839,ucla,Educational Services,"Over $1,000,000,000",840,18,,,,,
840,st jude childrens research hospital,Health Care and Social Assistance,"Over $1,000,000,000",841,18,,,,,
841,pri global,"Professional, Scientific and Technical Services","$50,000,000 to $99,999,999",842,18,,,,,
842,barhead solutions,"Professional, Scientific and Technical Services","$10,000,000 to $49,999,999",843,18,,,,,
843,w w grainger,Wholesale Trade,"Over $1,000,000,000",844,18,,,,,
844,saturn cloud,,"$1,000,000 to $9,999,999",845,18,,,,,
845,moveworks,Retail Trade,"$1,000,000 to $9,999,999",846,18,,,,,
846,ellipse solutions,"Professional, Scientific and Technical Services","$10,000,000 to $49,999,999",847,18,,,,,
847,gauntlet,Media and Entertainment,"Less than $1,000,000",848,18,,,,,
848,zoominfo technologies,Computer and Electronic Product Manufacturing,"Over $1,000,000,000",849,18,,,,,
849,integrated projects,"Professional, Scientific and Technical Services","$1,000,000 to $9,999,999",850,18,,,,,
850,kumavision,"Professional, Scientific and Technical Services","$50,000,000 to $99,999,999",851,18,,,,,
851,celebal technologies,"Professional, Scientific and Technical Services","$50,000,000 to $99,999,999",852,18,33.0,58.0,,,
852,ohio state university wexner medical center,Educational Services,"Over $1,000,000,000",853,18,,,,,
853,kaizer software solutions,"Professional, Scientific and Technical Services","$1,000,000 to $9,999,999",854,18,,,,,
854,asml,Manufacturing,"Over $1,000,000,000",855,18,156.0,38.0,,,
855,cathay financial,Insurance,"Over $1,000,000,000",856,18,,,,,
856,phoenix,Insurance,"Over $1,000,000,000",857,18,,,,,
857,avalara,Computer and Electronic Product Manufacturing,"$500,000,000 to $999,999,999",858,18,,,,,
858,rich products,Manufacturing,"Over $1,000,000,000",859,18,,,,,
859,genellipse com,,"$1,000,000 to $9,999,999",860,18,,,,,
860,news,Media and Entertainment,"Over $1,000,000,000",861,18,,,,,
861,unusual ventures,Banking and Financial Services,"$100,000,000 to $199,999,999",862,18,,,,,
862,biocarbon engineering,"Professional, Scientific and Technical Services","$10,000,000 to $49,999,999",863,18,,,,,
863,xerox,Computer and Electronic Product Manufacturing,"Over $1,000,000,000",864,18,,,,,
864,datenwissen com,"Professional, Scientific and Technical Services","$1,000,000 to $9,999,999",865,18,,,,,
865,visionyle solutions,,"$10,000,000 to $49,999,999",866,18,,,,,
866,proa tecnologia criativa,"Professional, Scientific and Technical Services","$1,000,000 to $9,999,999",867,18,,,,,
867,allozymes,"Professional, Scientific and Technical Services","Less than $1,000,000",868,18,,,,,
868,johns hopkins university applied physics laboratory,"Professional, Scientific and Technical Services","Over $1,000,000,000",869,18,,,,,
869,american advertising federation,,"$1,000,000 to $9,999,999",870,18,,,,,
870,laboratory of america,Health Care and Social Assistance,"Over $1,000,000,000",871,18,,,,,
871,resmed,Manufacturing,"Over $1,000,000,000",872,18,,,,,
872,melonfrost,"Professional, Scientific and Technical Services","$1,000,000 to $9,999,999",873,18,,,,,
873,snuailab com,,Unknown,874,18,,,,,
874,vote net in,,,875,18,,,,,
875,barbora,Retail Trade,"$10,000,000 to $49,999,999",876,18,,,,,
876,bizmetric,"Professional, Scientific and Technical Services","$10,000,000 to $49,999,999",877,18,,,,,
877,petsmart,Retail Trade,"Over $1,000,000,000",878,18,,,,,
878,flexosense,,,879,18,,,,,
879,ai fund,Banking and Financial Services,"$10,000,000 to $49,999,999",880,18,,,,,
880,washington metropolitan area transit authority wmata,Public Administration,"Over $1,000,000,000",881,18,,,,,
881,trifacta,"Professional, Scientific and Technical Services","$10,000,000 to $49,999,999",882,18,,,,,
882,airbnb,Travel and Tourism,"Over $1,000,000,000",883,18,,,,,
883,radiusai,Computer and Electronic Product Manufacturing,"$1,000,000 to $9,999,999",884,18,,,,,
884,revel it,"Professional, Scientific and Technical Services","$10,000,000 to $49,999,999",885,18,,,,,
885,dataeconomy,"Professional, Scientific and Technical Services","$10,000,000 to $49,999,999",886,18,,,,,
886,sas,Computer and Electronic Product Manufacturing,"Over $1,000,000,000",887,18,,,,,
887,annalect,"Professional, Scientific and Technical Services","$50,000,000 to $99,999,999",888,18,,,,,
888,striveworks,"Professional, Scientific and Technical Services","$1,000,000 to $9,999,999",889,18,,,,,
889,canadian tire,Retail Trade,"Over $1,000,000,000",890,18,,,,,
890,astek,"Professional, Scientific and Technical Services","$100,000,000 to $199,999,999",891,18,,,,,
891,briskwin it solutions,"Professional, Scientific and Technical Services","$1,000,000 to $9,999,999",892,18,,,,,
892,snorkel ai,"Professional, Scientific and Technical Services","$10,000,000 to $49,999,999",893,18,,,,,
893,vinbrain net,"Professional, Scientific and Technical Services","$10,000,000 to $49,999,999",894,18,,,,,
894,stability ai,"Professional, Scientific and Technical Services","$10,000,000 to $49,999,999",895,18,,,,,
895,pixelphant,"Professional, Scientific and Technical Services","$1,000,000 to $9,999,999",896,18,,,,,
896,terray therapeutics,"Professional, Scientific and Technical Services","Less than $1,000,000",897,18,,,,,
897,hydatis com,"Professional, Scientific and Technical Services","$1,000,000 to $9,999,999",898,18,,,,,
898,highradius,Computer and Electronic Product Manufacturing,"$200,000,000 to $499,999,999",899,18,,,,,
899,nod ai,Computer and Electronic Product Manufacturing,"$1,000,000 to $9,999,999",900,18,,,,,
900,lumiq,"Professional, Scientific and Technical Services","$1,000,000 to $9,999,999",901,18,,,,,
901,femtherapeutics,Manufacturing,"Less than $1,000,000",902,18,,,,,
902,major league baseball mlb,Media and Entertainment,"$200,000,000 to $499,999,999",903,18,,,,,
903,cirruslabs,Computer and Electronic Product Manufacturing,"$10,000,000 to $49,999,999",904,18,,,,,
904,beyond limits,"Professional, Scientific and Technical Services","Less than $1,000,000",905,18,,,,,
905,orion systems integrators,"Professional, Scientific and Technical Services","$50,000,000 to $99,999,999",906,18,,,,,
906,flipkart,Retail Trade,"Over $1,000,000,000",907,18,,,,,
907,meterwork,"Professional, Scientific and Technical Services","Less than $1,000,000",908,18,,,,,
908,zeiss,,,909,18,,,,,
909,siena ai,,"Less than $1,000,000",910,18,,,,,
910,peak,"Professional, Scientific and Technical Services","$10,000,000 to $49,999,999",911,18,,,,,
911,alera,Insurance,"$200,000,000 to $499,999,999",912,18,,,,,
912,wex,Banking and Financial Services,"Over $1,000,000,000",913,18,,,,,
913,rtbanalytica,"Professional, Scientific and Technical Services","$1,000,000 to $9,999,999",914,18,,,,,
914,ics global soft,,"$1,000,000 to $9,999,999",915,18,,,,,
915,invent analytics,,"$10,000,000 to $49,999,999",916,18,,,,,
916,agencykpi,"Professional, Scientific and Technical Services","$1,000,000 to $9,999,999",917,18,,,,,
917,creyon bio,,"$1,000,000 to $9,999,999",918,18,,,,,
918,interex,Service Industry,"$1,000,000 to $9,999,999",919,18,,,,,
919,galytix,"Professional, Scientific and Technical Services","$1,000,000 to $9,999,999",920,18,,,,,
920,srivango technologies,"Professional, Scientific and Technical Services","$1,000,000 to $9,999,999",921,18,,,,,
921,clorox,Pharmaceuticals and Chemicals Manufacturing,"Over $1,000,000,000",922,18,,,,,
922,office depot,Retail Trade,"Over $1,000,000,000",923,18,,,,,
923,gac solutions,"Professional, Scientific and Technical Services","$10,000,000 to $49,999,999",924,18,,,,,
924,southern illinois healthcare,Health Care and Social Assistance,"$500,000,000 to $999,999,999",925,18,,,,,
925,monks associates,,,926,18,,,,,
926,enexus global,,"$1,000,000 to $9,999,999",927,18,,,,,
927,norristown bell credit union,,"$1,000,000 to $9,999,999",928,18,,,,,
928,ocurate,Computer and Electronic Product Manufacturing,"$1,000,000 to $9,999,999",929,18,,,,,
929,university of rochester,Educational Services,"Over $1,000,000,000",930,18,,,,,
930,blue cross blue shield of michigan,Insurance,"Over $1,000,000,000",931,18,,,,,
931,avery products,Manufacturing,"Over $1,000,000,000",932,18,,,,,
932,paysera,Banking and Financial Services,"$10,000,000 to $49,999,999",933,18,,,,,
933,vinbigdata com,"Professional, Scientific and Technical Services",Unknown,934,18,,,,,
934,bitanimate,Computer and Electronic Product Manufacturing,"Less than $1,000,000",935,18,,,,,
935,synativ com,,Unknown,936,18,,,,,
936,algonomy,"Professional, Scientific and Technical Services","$10,000,000 to $49,999,999",937,18,,,,,
937,sahara communications,,,938,18,,,,,
938,alphalayer,Computer and Electronic Product Manufacturing,"$1,000,000 to $9,999,999",939,18,,,,,
939,adesso,"Professional, Scientific and Technical Services","Over $1,000,000,000",940,18,,,,,
940,aflac northern ireland,"Professional, Scientific and Technical Services","$10,000,000 to $49,999,999",941,18,,,,,
941,heretic,Banking and Financial Services,"Less than $1,000,000",942,18,,,,,
942,a3data,,"$1,000,000 to $9,999,999",943,18,,,,,
943,paramount network,Media and Entertainment,"Over $1,000,000,000",944,18,,,,,
944,eaglys,"Professional, Scientific and Technical Services","$10,000,000 to $49,999,999",945,18,,,,,
945,psiori,Computer and Electronic Product Manufacturing,"$1,000,000 to $9,999,999",946,18,,,,,
946,assa abloy,Manufacturing,"Over $1,000,000,000",947,18,,,,,
947,blueprint power,Computer and Electronic Product Manufacturing,"$1,000,000 to $9,999,999",948,18,,,,,
948,prisma ai pte,,"$10,000,000 to $49,999,999",949,18,,,,,
949,sensetime,Computer and Electronic Product Manufacturing,"$500,000,000 to $999,999,999",950,18,,,,,
950,7 eleven,Retail Trade,"Over $1,000,000,000",951,18,,,,,
951,ansys,Computer and Electronic Product Manufacturing,"Over $1,000,000,000",952,18,,,,,
952,bay-one for africa,,"$1,000,000 to $9,999,999",953,18,,,,,
953,data wave technologies,,"$1,000,000 to $9,999,999",954,18,,,,,
954,gainwell technologies,"Professional, Scientific and Technical Services","$500,000,000 to $999,999,999",955,18,,,,,
955,ecolab,Utilities,"Over $1,000,000,000",956,18,,,,,
956,data science district,"Professional, Scientific and Technical Services","Less than $1,000,000",957,18,,,,,
957,seasalt ai,Computer and Electronic Product Manufacturing,"$1,000,000 to $9,999,999",958,18,,,,,
958,equilibriumenergy com,Service Industry,"$10,000,000 to $49,999,999",959,18,,,,,
959,national basketball association nba,Media and Entertainment,"$200,000,000 to $499,999,999",960,18,,,,,
960,parsionate,"Professional, Scientific and Technical Services","$10,000,000 to $49,999,999",961,18,,,,,
961,rawmind,"Professional, Scientific and Technical Services","$1,000,000 to $9,999,999",962,18,,,,,
962,upgrad,,"$10,000,000 to $49,999,999",963,18,,,,,
963,fidius advisory,"Professional, Scientific and Technical Services","$1,000,000 to $9,999,999",964,18,,,,,
964,juniper networks,Computer and Electronic Product Manufacturing,"Over $1,000,000,000",965,18,,,,,
965,roku,Computer and Electronic Product Manufacturing,"Over $1,000,000,000",966,18,,,,,
966,new jersey institute of technology,Educational Services,"$500,000,000 to $999,999,999",967,18,,,,,
967,antilles-guyane bnpparibas,"Professional, Scientific and Technical Services","$200,000,000 to $499,999,999",968,18,,,,,
968,annapurna labs,Computer and Electronic Product Manufacturing,"$10,000,000 to $49,999,999",969,18,,,,,
969,strong analytics,"Professional, Scientific and Technical Services","$1,000,000 to $9,999,999",970,18,,,,,
970,benchsci,"Professional, Scientific and Technical Services","$10,000,000 to $49,999,999",971,18,,,,,
971,foundry,"Professional, Scientific and Technical Services","$50,000,000 to $99,999,999",972,18,,,,,
972,inworld ai,Computer and Electronic Product Manufacturing,"$1,000,000 to $9,999,999",973,18,,,,,
973,claim genius,"Professional, Scientific and Technical Services","$10,000,000 to $49,999,999",974,18,,,,,
974,keasis,"Professional, Scientific and Technical Services","$10,000,000 to $49,999,999",975,18,,,,,
975,datatobiz,"Professional, Scientific and Technical Services","$1,000,000 to $9,999,999",976,18,,,,,
976,millenniumit esp,,,977,18,,,,,
977,dallasdatascienceacademy com,"Professional, Scientific and Technical Services","Less than $1,000,000",978,18,,,,,
978,ktech products,"Professional, Scientific and Technical Services","$10,000,000 to $49,999,999",979,18,,,,,
979,nine marketing,"Professional, Scientific and Technical Services","Less than $1,000,000",980,18,,,,,
980,hartford financial services,Insurance,"Over $1,000,000,000",981,18,,,,,
981,elsevier,Media and Entertainment,"$500,000,000 to $999,999,999",982,18,,,,,
982,medineos observational research,,"$1,000,000 to $9,999,999",983,18,,,,,
983,shabak - israeli security agency - career,Public Administration,Unknown,984,18,,,,,
984,sight spectrum,"Professional, Scientific and Technical Services","$50,000,000 to $99,999,999",985,18,,,,,
985,tile shop,Retail Trade,"$200,000,000 to $499,999,999",986,18,,,,,
986,inndata analytics private,,"$1,000,000 to $9,999,999",987,17,,,,,
987,radius ai,,"$1,000,000 to $9,999,999",988,17,,,,,
988,activeloop,Technical,"$1,000,000 to $9,999,999",989,17,,,,,
989,statusneo,Technical,"$50,000,000 to $99,999,999",990,17,,,,,
990,ebizcharge,Technical,"$10,000,000 to $49,999,999",991,17,,,,,
991,biz-metric,Technical,"$10,000,000 to $49,999,999",992,17,,,,,
992,jai kisan,Finance,"$10,000,000 to $49,999,999",993,17,,,,,
993,w w grainger,Technical,"Over $1,000,000,000",994,17,,,,,
994,highradius,Finance,"$200,000,000 to $499,999,999",995,17,,,,,
995,commonwealth annuity life insurance,Manufacturing,"$200,000,000 to $499,999,999",996,17,,,,,
996,ceevra,Technical,"$1,000,000 to $9,999,999",997,17,,,,,
997,barhead solutions,Insurance,"$50,000,000 to $99,999,999",998,17,,,,,
998,ntt america,Telecommunications,"$500,000,000 to $999,999,999",999,17,,,,,
999,techcarrot,Telecommunications,"$500,000,000 to $999,999,999",1000,17,,,,,
