rank,company,ticker,industry,city,state,country,revenue,profit,assets,employees
1,Walmart,WMT,General Merchandisers,Bentonville,Arkansas,U.S.,$648.13B,$15.51B,$252.4B,2.1M
2,Amazon,AMZN,Internet Services and Retailing,Seattle,Washington,U.S.,$574.78B,$30.43B,$527.85B,1.52M
3,State Grid,~,Utilities,Beijing,~,China,$545.95B,$9.2B,$781.13B,1.36M
4,Saudi Aramco,~,"Mining, Crude-Oil Production",Dhahran,~,Saudi Arabia,$494.89B,$120.7B,$660.82B,73.31K
5,Sinopec Group,~,Petroleum Refining,Beijing,~,China,$429.7B,$9.39B,$382.69B,513.43K
6,China National Petroleum,~,Petroleum Refining,Beijing,~,China,$421.71B,$21.29B,$630.56B,1.03M
7,Apple,AAPL,"Computers, Office Equipment",Cupertino,California,U.S.,$383.29B,$97B,$352.58B,161K
8,UnitedHealth Group,UNH,Health Care: Insurance and Managed Care,Minnetonka,Minnesota,U.S.,$371.62B,$22.38B,$273.72B,440K
9,Berkshire Hathaway,BRKA,Insurance: Property and Casualty (Stock),Omaha,Nebraska,U.S.,$364.48B,$96.22B,$1.07T,396.5K
10,CVS Health,CVS,Health Care: Pharmacy and Other Services,Woonsocket,Rhode Island,U.S.,$357.78B,$8.34B,$249.73B,259.5K
11,Volkswagen,VWAGY,Motor Vehicles & Parts,Wolfsburg,~,Germany,$348.41B,$17.94B,$663.06B,684.02K
12,Exxon Mobil,XOM,Petroleum Refining,Spring,Texas,U.S.,$344.58B,$36.01B,$376.32B,61.5K
13,Shell,SHEL,Petroleum Refining,London,~,Britain,$323.18B,$19.36B,$406.27B,103K
14,China State Construction Engineering,~,Engineering & Construction,Beijing,~,China,$320.43B,$4.37B,$410.14B,382.89K
15,Toyota Motor,TM,Motor Vehicles & Parts,Toyota,~,Japan,$312.02B,$34.21B,$595.92B,380.79K
16,McKesson,MCK,Wholesalers: Health Care,Irving,Texas,U.S.,$308.95B,$3B,$67.44B,48K
17,Alphabet,GOOGL,Internet Services and Retailing,Mountain View,California,U.S.,$307.39B,$73.8B,$402.39B,182.5K
18,Cencora,COR,Wholesalers: Health Care,Conshohocken,Pennsylvania,U.S.,$262.17B,$1.75B,$62.56B,44K
19,Trafigura Group,~,Trading,Singapore,~,Singapore,$244.28B,$7.39B,$83.38B,12.48K
20,Costco Wholesale,COST,General Merchandisers,Issaquah,Washington,U.S.,$242.29B,$6.29B,$68.99B,316K
21,JPMorgan Chase,JPM,Banks: Commercial and Savings,New York,New York,U.S.,$239.43B,$49.55B,$3.88T,309.93K
22,Industrial & Commercial Bank of China,IDCBY,Banks: Commercial and Savings,Beijing,~,China,$222.48B,$51.42B,$6.3T,419.25K
23,TotalEnergies,TTE,Petroleum Refining,Courbevoie,~,France,$218.94B,$21.38B,$283.65B,102.58K
24,Glencore,GLNCY,"Mining, Crude-Oil Production",Baar,~,Switzerland,$217.83B,$4.28B,$123.87B,83.43K
25,BP,BP,Petroleum Refining,London,~,Britain,$213.03B,$15.24B,$280.29B,79.4K
26,Microsoft,MSFT,Computer Software,Redmond,Washington,U.S.,$211.91B,$72.36B,$411.98B,221K
27,Cardinal Health,CAH,Wholesalers: Health Care,Dublin,Ohio,U.S.,$205.01B,$261M,$43.42B,47.52K
28,Stellantis,STLA,Motor Vehicles & Parts,Hoofddorp,~,Netherlands,$204.91B,$20.1B,$223.25B,258.27K
29,Chevron,CVX,Petroleum Refining,San Ramon,California,U.S.,$200.95B,$21.37B,$261.63B,45.6K
30,China Construction Bank,CICHY,Banks: Commercial and Savings,Beijing,~,China,$199.83B,$46.99B,$5.4T,376.87K
31,Samsung Electronics,~,"Electronics, Electrical Equip.","Suwon, Gyeonggi-do",~,South Korea,$198.26B,$11.08B,$351.94B,267.86K
32,Hon Hai Precision Industry,HNHPF,"Electronics, Electrical Equip.",New Taipei City,~,Taiwan,$197.88B,$4.56B,$128.55B,621.39K
33,Cigna,CI,Health Care: Pharmacy and Other Services,Bloomfield,Connecticut,U.S.,$195.26B,$5.16B,$152.76B,71.41K
34,Agricultural Bank of China,ACGBY,Banks: Commercial and Savings,Beijing,~,China,$192.4B,$38.05B,$5.62T,451K
35,China Railway Engineering Group,~,Engineering & Construction,Beijing,~,China,$178.56B,$2.15B,$258.82B,314.15K
36,Ford Motor,F,Motor Vehicles & Parts,Dearborn,Michigan,U.S.,$176.19B,$4.35B,$273.31B,177K
37,Bank of China,BACHY,Banks: Commercial and Savings,Beijing,~,China,$172.33B,$32.76B,$4.57T,306.93K
38,Bank of America,BAC,Banks: Commercial and Savings,Charlotte,North Carolina,U.S.,$171.91B,$26.52B,$3.18T,212.99K
39,General Motors,GM,Motor Vehicles & Parts,Detroit,Michigan,U.S.,$171.84B,$10.13B,$273.06B,163K
40,Elevance Health,ELV,Health Care: Insurance and Managed Care,Indianapolis,Indiana,U.S.,$171.34B,$5.99B,$108.93B,104.9K
41,BMW Group,BMWYY,Motor Vehicles & Parts,Munich,~,Germany,$168.1B,$12.21B,$277.1B,154.95K
42,Mercedes-Benz Group,MBGYY,Motor Vehicles & Parts,Stuttgart,~,Germany,$165.64B,$15.42B,$290.5B,166.06K
43,China Railway Construction,~,Engineering & Construction,Beijing,~,China,$160.85B,$1.7B,$234.98B,336.43K
44,China Baowu Steel Group,~,Metals,Shanghai,~,China,$157.22B,$2.49B,$191.96B,258.7K
45,Citigroup,C,Banks: Commercial and Savings,New York,New York,U.S.,$156.82B,$9.23B,$2.41T,237.93K
46,Centene,CNC,Health Care: Insurance and Managed Care,St. Louis,Missouri,U.S.,$154B,$2.7B,$84.64B,67.7K
47,JD.com,JD,Internet Services and Retailing,Beijing,~,China,$153.22B,$3.41B,$88.61B,517.12K
48,Home Depot,HD,Specialty Retailers,Atlanta,Georgia,U.S.,$152.67B,$15.14B,$76.53B,463.1K
49,Electricite de France,~,Utilities,Paris,~,France,$151.04B,$10.83B,$402.93B,171.86K
50,Marathon Petroleum,MPC,Petroleum Refining,Findlay,Ohio,U.S.,$150.31B,$9.68B,$85.99B,18.2K
51,Kroger,KR,Food & Drug Stores,Cincinnati,Ohio,U.S.,$150.04B,$2.16B,$50.51B,414K
52,Phillips 66,PSX,Petroleum Refining,Houston,Texas,U.S.,$149.89B,$7.01B,$75.5B,14K
53,Ping An Insurance,PNGAY,"Insurance: Life, Health (stock)",Shenzhen,~,China,$145.76B,$12.1B,$1.63T,288.75K
54,Sinochem Holdings,~,Chemicals,Xiongan New Area,~,China,$143.24B,$-3.67B,$223.94B,203.73K
55,China Mobile Communications,~,Telecommunications,Beijing,~,China,$142.83B,$15.25B,$338.35B,453.39K
56,China National Offshore Oil,~,"Mining, Crude-Oil Production",Beijing,~,China,$141.73B,$14.56B,$225.84B,82.56K
57,Honda Motor,HMC,Motor Vehicles & Parts,Tokyo,~,Japan,$141.35B,$7.66B,$196.89B,194.99K
58,Fannie Mae,FNMA,Diversified Financials,Washington,District Of Columbia,U.S.,$141.24B,$17.41B,$4.33T,8.1K
59,China Life Insurance,~,"Insurance: Life, Health (stock)",Beijing,~,China,$139.62B,$-841.2M,$954.02B,176.63K
60,Walgreens Boots Alliance,WBA,Food & Drug Stores,Deerfield,Illinois,U.S.,$139.08B,$-3.08B,$96.63B,268.5K
61,Valero Energy,VLO,Petroleum Refining,San Antonio,Texas,U.S.,$139B,$8.84B,$63.06B,9.9K
62,Banco Santander,SAN,Banks: Commercial and Savings,Madrid,~,Spain,$137.24B,$11.97B,$1.98T,207.21K
63,China Communications Construction,~,Engineering & Construction,Beijing,~,China,$136.67B,$1.67B,$361.45B,219.03K
64,BNP Paribas,BNPQY,Banks: Commercial and Savings,Paris,~,France,$136.08B,$11.86B,$2.86T,182.66K
65,Mitsubishi,MTSUY,Trading,Tokyo,~,Japan,$135.39B,$6.67B,$155.14B,80.04K
66,Meta Platforms,META,Internet Services and Retailing,Menlo Park,California,U.S.,$134.9B,$39.1B,$229.62B,67.32K
67,HSBC Holdings,HSBC,Banks: Commercial and Savings,London,~,Britain,$134.9B,$23.53B,$3.04T,220.86K
68,Verizon Communications,VZ,Telecommunications,New York,New York,U.S.,$133.97B,$11.61B,$380.25B,105.4K
69,China Minmetals,~,Metals,Beijing,~,China,$132.02B,$766M,$159.61B,175.52K
70,Alibaba Group Holding,BABA,Internet Services and Retailing,Hangzhou,~,China,$131.34B,$11.17B,$244.43B,204.89K
71,CITIC Group,~,Diversified Financials,Beijing,~,China,$131.24B,$4.12B,$1.62T,213.29K
72,China Resources,~,Diversified Financials,Hong Kong,~,China,$126.17B,$3.8B,$367.03B,394.11K
73,Hyundai Motor,HYMTF,Motor Vehicles & Parts,Seoul,~,South Korea,$124.58B,$9.16B,$218.05B,73.5K
74,AT&T,T,Telecommunications,Dallas,Texas,U.S.,$122.43B,$14.4B,$407.06B,150.47K
75,Shandong Energy Group,~,"Mining, Crude-Oil Production",Jinan,~,China,$122.38B,$829.6M,$141.18B,214.41K
76,Comcast,CMCSA,Telecommunications,Philadelphia,Pennsylvania,U.S.,$121.57B,$15.39B,$264.81B,186K
77,Deutsche Telekom,DTEGY,Telecommunications,Bonn,~,Germany,$121.05B,$19.23B,$320.64B,199.65K
78,China Southern Power Grid,~,Utilities,Guangzhou,~,China,$118.81B,$2.34B,$173.04B,268.47K
79,Uniper,UNPRF,Energy,Dusseldorf,~,Germany,$116.66B,$6.82B,$60.7B,6.86K
80,Wells Fargo,WFC,Banks: Commercial and Savings,San Francisco,California,U.S.,$115.34B,$19.14B,$1.93T,226K
81,Hengli Group,~,Textiles,Suzhou City,~,China,$114.66B,$980.8M,$52.69B,173.25K
82,Allianz,ALIZY,"Insurance: Life, Health (stock)",Munich,~,Germany,$113.52B,$9.23B,$1.09T,157.88K
83,China Post Group,~,"Mail, Package, and Freight Delivery",Beijing,~,China,$112.78B,$5.88B,$2.31T,728.78K
84,China Energy Investment,~,Energy,Beijing,~,China,$112.05B,$6.34B,$294.88B,309.04K
85,Xiamen C&D,~,Trading,Xiamen,~,China,$110.67B,$1.06B,$125B,62.74K
86,Reliance Industries,~,Petroleum Refining,Mumbai,~,India,$108.88B,$8.41B,$210.7B,347K
87,Goldman Sachs Group,GS,Banks: Commercial and Savings,New York,New York,U.S.,$108.42B,$8.52B,$1.64T,45.3K
88,Freddie Mac,FMCC,Diversified Financials,McLean,Virginia,U.S.,$108.05B,$10.54B,$3.28T,8.02K
89,Rosneft Oil,OJSCY,Petroleum Refining,Moscow,~,Russia,$107.54B,$14.87B,$209.57B,323.9K
90,Target,TGT,General Merchandisers,Minneapolis,Minnesota,U.S.,$107.41B,$4.14B,$55.36B,415K
91,Equinor,EQNR,Petroleum Refining,Stavanger,~,Norway,$107.17B,$11.88B,$143.58B,23.45K
92,Humana,HUM,Health Care: Insurance and Managed Care,Louisville,Kentucky,U.S.,$106.37B,$2.49B,$47.06B,67.6K
93,SAIC Motor,~,Motor Vehicles & Parts,Shanghai,~,China,$105.2B,$1.99B,$141.83B,149.5K
94,State Farm Insurance,~,Insurance: Property and Casualty (Mutual),Bloomington,Illinois,U.S.,$104.2B,$-6.27B,$339.48B,65.05K
95,Life Insurance Corp. of India,~,"Insurance: Life, Health (stock)",Mumbai,~,India,$103.55B,$4.94B,$637.87B,98.46K
96,Nestle,NSRGY,Food Consumer Products,Vevey,~,Switzerland,$103.51B,$12.48B,$150.42B,270K
97,Enel,ENLAY,Utilities,Rome,~,Italy,$103.31B,$3.72B,$215.62B,61.05K
98,ENI,E,Petroleum Refining,Rome,~,Italy,$102.5B,$5.16B,$157.51B,33.14K
99,Petrobras,PBR,Petroleum Refining,Rio de Janeiro,~,Brazil,$102.41B,$24.88B,$217.07B,46.73K
100,SK,~,Petroleum Refining,Seoul,~,South Korea,$101.97B,$-594.8M,$159.77B,114.95K
101,E.ON,EONGY,Energy,Essen,~,Germany,$101.28B,$558.9M,$125.37B,72.24K
102,Gazprom,OGZPY,Energy,St. Petersburg,~,Russia,$100.25B,$-7.38B,$320.3B,492.2K
103,Huawei Investment & Holding,~,Network and Other Communications Equipment,Shenzhen,~,China,$99.47B,$12.27B,$178.03B,207K
104,Societe Generale,SCGLY,Banks: Commercial and Savings,Paris,~,France,$99.16B,$2.7B,$1.72T,124.09K
105,Bosch Group,~,Motor Vehicles & Parts,Gerlingen-Schillerhohe,~,Germany,$99.02B,$2.27B,$119.65B,429.42K
106,COFCO,~,Trading,Beijing,~,China,$97.77B,$1.27B,$102.94B,111.63K
107,Itochu,ITOCY,Trading,Osaka,~,Japan,$97.07B,$5.55B,$95.82B,136.33K
108,PowerChina,~,Engineering & Construction,Beijing,~,China,$97.03B,$775.9M,$198.67B,184.57K
109,Pemex,~,"Mining, Crude-Oil Production",Mexico City,~,Mexico,$96.98B,$457.1M,$136.07B,128.62K
110,Tesla,TSLA,Motor Vehicles & Parts,Austin,Texas,U.S.,$96.77B,$15B,$106.62B,140.47K
111,Morgan Stanley,MS,Banks: Commercial and Savings,New York,New York,U.S.,$96.19B,$9.09B,$1.19T,80.01K
112,Sinopharm,~,Wholesalers: Health Care,Beijing,~,China,$96.07B,$1.15B,$82.84B,202.43K
113,Brookfield,BN,Diversified Financials,Toronto,~,Canada,$95.92B,$1.13B,$490.1B,240K
114,Royal Ahold Delhaize,ADRNY,Food & Drug Stores,Zaandam,~,Netherlands,$95.83B,$2.03B,$52.82B,232K
115,Johnson & Johnson,JNJ,Pharmaceuticals,New Brunswick,New Jersey,U.S.,$95.19B,$35.15B,$167.56B,131.9K
116,Indian Oil,~,Petroleum Refining,New Delhi,~,India,$94.27B,$5.04B,$57.88B,31.94K
117,Archer Daniels Midland,ADM,Food Production,Chicago,Illinois,U.S.,$93.94B,$3.48B,$54.63B,41.01K
118,Credit Agricole,CRARY,Banks: Commercial and Savings,Montrouge,~,France,$93.36B,$6.86B,$2.42T,75.13K
119,Christian Dior,CHDRY,Apparel,Paris,~,France,$93.14B,$6.82B,$155.59B,197.14K
120,Nippon Telegraph and Telephone,NTTYY,Telecommunications,Tokyo,~,Japan,$92.54B,$8.85B,$195.77B,338.47K
121,Mitsui,MITSY,Trading,Tokyo,~,Japan,$92.2B,$7.36B,$111.75B,53.6K
122,Carrefour,CRRFY,Food & Drug Stores,Massy,~,France,$91.79B,$1.79B,$62.04B,305.33K
123,PepsiCo,PEP,Food Consumer Products,Purchase,New York,U.S.,$91.47B,$9.07B,$100.5B,318K
124,United Parcel Service,UPS,"Mail, Package, and Freight Delivery",Atlanta,Georgia,U.S.,$90.96B,$6.71B,$70.86B,382.55K
125,PTT,PUTRY,Petroleum Refining,Bangkok,~,Thailand,$90.42B,$3.22B,$100.74B,30.77K
126,AXA,AXAHY,"Insurance: Life, Health (stock)",Paris,~,France,$90.41B,$7.77B,$711.78B,94.7K
127,FedEx,FDX,"Mail, Package, and Freight Delivery",Memphis,Tennessee,U.S.,$90.16B,$3.97B,$87.14B,423.23K
128,Sony,SONY,"Electronics, Electrical Equip.",Tokyo,~,Japan,$90.09B,$6.72B,$225.55B,113K
129,China FAW Group,~,Motor Vehicles & Parts,Changchun,~,China,$89.48B,$2.86B,$94.5B,119.66K
130,Engie,ENGIY,Energy,Courbevoie,~,France,$89.26B,$2.39B,$214.98B,97.3K
131,Walt Disney,DIS,Entertainment,Burbank,California,U.S.,$88.9B,$2.35B,$205.58B,199.13K
132,Orlen,~,Petroleum Refining,Plock,~,Poland,$88.72B,$4.92B,$67.21B,66.55K
133,Dell Technologies,DELL,"Computers, Office Equipment",Round Rock,Texas,U.S.,$88.42B,$3.21B,$82.09B,120K
134,DHL Group,DHLGY,"Mail, Package, and Freight Delivery",Bonn,~,Germany,$88.39B,$3.98B,$73.8B,551.23K
135,China Telecommunications,~,Telecommunications,Beijing,~,China,$87.96B,$2.15B,$151.92B,391.69K
136,Nissan Motor,NSANY,Motor Vehicles & Parts,Yokohama,~,Japan,$87.77B,$2.95B,$131.3B,141.85K
137,Royal Bank of Canada,RY,Banks: Commercial and Savings,Toronto,~,Canada,$87.5B,$11.02B,$1.44T,91.4K
138,Zhejiang Rongsheng Holding Group,~,Chemicals,Hangzhou,~,China,$86.54B,$74.6M,$57.83B,23.37K
139,Lowe's,LOW,Specialty Retailers,Mooresville,North Carolina,U.S.,$86.38B,$7.73B,$41.8B,226K
140,Tesco,TSCDY,Food & Drug Stores,Welwyn Garden City,~,Britain,$86.23B,$1.49B,$59.5B,225.66K
141,Tencent Holdings,TCEHY,Internet Services and Retailing,Shenzhen,~,China,$86.03B,$16.28B,$222.22B,105.42K
142,Xiamen ITG Holding Group,~,Trading,Xiamen,~,China,$85.82B,$178.9M,$50.24B,34.29K
143,BYD,BYDDY,Motor Vehicles & Parts,Shenzhen,~,China,$85.08B,$4.24B,$95.74B,703.5K
144,Nippon Life Insurance,~,"Insurance: Life, Health (Mutual)",Osaka,~,Japan,$83.09B,$2.85B,$645.39B,85.74K
145,Siemens,SIEGY,Industrial Machinery,Munich,~,Germany,$82.93B,$8.48B,$153.51B,320K
146,Japan Post Holdings,~,"Insurance: Life, Health (stock)",Tokyo,~,Japan,$82.91B,$1.86B,$1.98T,221.39K
147,Aviation Industry Corp. of China,~,Aerospace & Defense,Beijing,~,China,$82.65B,$1.64B,$187.46B,384K
148,Mitsubishi UFJ Financial Group,MUFG,Banks: Commercial and Savings,Tokyo,~,Japan,$82.27B,$10.31B,$2.67T,145.41K
149,Procter & Gamble,PG,Household and Personal Products,Cincinnati,Ohio,U.S.,$82.01B,$14.65B,$120.83B,107K
150,Wuchan Zhongda Group,~,Trading,Hangzhou,~,China,$81.95B,$510.9M,$23.41B,26.35K
151,Seven & I Holdings,SVNDY,Food & Drug Stores,Tokyo,~,Japan,$80.12B,$1.57B,$70.79B,117.54K
152,Albertsons,ACI,Food & Drug Stores,Boise,Idaho,U.S.,$79.24B,$1.3B,$26.22B,196.65K
153,ENEOS Holdings,JXHLY,Petroleum Refining,Tokyo,~,Japan,$79.02B,$1.99B,$67.03B,50.27K
154,Bank of Communications,BCMXY,Banks: Commercial and Savings,Shanghai,~,China,$78.76B,$13.1B,$1.98T,94.28K
155,Energy Transfer,ET,Pipelines,Dallas,Texas,U.S.,$78.59B,$3.94B,$113.7B,13.79K
156,U.S. Postal Service,~,"Mail, Package, and Freight Delivery",Washington,District Of Columbia,U.S.,$78.38B,$-6.48B,$45.29B,582.78K
157,Jiangxi Copper,~,Metals,Guixi,~,China,$78.24B,$371.2M,$31.15B,32.75K
158,People's Insurance Co. of China,PINXY,Insurance: Property and Casualty (Stock),Beijing,~,China,$78.18B,$3.15B,$219.32B,175.88K
159,Boeing,BA,Aerospace & Defense,Arlington,Virginia,U.S.,$77.79B,$-2.22B,$137.01B,171K
160,China North Industries Group,~,Aerospace & Defense,Beijing,~,China,$76.51B,$1.93B,$78.67B,216.53K
161,Pacific Construction Group,~,Engineering & Construction,Urumqi,~,China,$76.43B,$5.04B,$59.04B,293.13K
162,Kia,~,Motor Vehicles & Parts,Seoul,~,South Korea,$76.42B,$6.72B,$62.24B,52.87K
163,Sysco,SYY,Wholesalers: Food and Grocery,Houston,Texas,U.S.,$76.32B,$1.77B,$22.82B,71.75K
164,Dai-ichi Life Holdings,DLICY,"Insurance: Life, Health (stock)",Tokyo,~,Japan,$76.3B,$2.22B,$446.64B,59.49K
165,Pertamina,~,Petroleum Refining,Jakarta,~,Indonesia,$75.79B,$4.44B,$91.12B,40.41K
166,Vinci,VCISY,Engineering & Construction,Nanterre,~,France,$75.55B,$5.08B,$130.95B,279.43K
167,Petronas,~,Energy,Kuala Lumpur,~,Malaysia,$75.41B,$16.32B,$168.48B,54.1K
168,Toronto-Dominion Bank,TD,Banks: Commercial and Savings,Toronto,~,Canada,$75.06B,$8B,$1.41T,103.26K
169,Lukoil,LUKOY,Petroleum Refining,Moscow,~,Russia,$75.01B,$13.55B,$95.94B,107.6K
170,Shaanxi Coal & Chemical Industry,~,"Mining, Crude-Oil Production",Xian,~,China,$74.78B,$1.11B,$100.86B,140.14K
171,Shenghong Holding Group,~,Chemicals,Suzhou City,~,China,$74.7B,$548.5M,$31.76B,56.86K
172,BASF,BASFY,Chemicals,Ludwigshafen,~,Germany,$74.49B,$243.2M,$85.48B,111.99K
173,China Poly Group,~,Real estate,Beijing,~,China,$74B,$988.2M,$254.16B,102.83K
174,Groupe BPCE,~,Banks: Commercial and Savings,Paris,~,France,$73.77B,$3.03B,$1.71T,97.83K
175,Shandong Weiqiao Pioneering Group,~,Textiles,Binzhou,~,China,$73.48B,$1.19B,$39.33B,97.28K
176,JBS,JBSAY,Food Production,Sao Paulo,~,Brazil,$72.86B,$-212.5M,$42.48B,272.56K
177,Alimentation Couche-Tard,ANCTF,Specialty Retailers,"Laval, Quebec",~,Canada,$71.86B,$3.09B,$29.05B,128K
178,State Bank of India,SBKFF,Banks: Commercial and Savings,Mumbai,~,India,$71.84B,$8.11B,$807.98B,232.3K
179,China Merchants Bank,CIHKY,Banks: Commercial and Savings,Shenzhen,~,China,$71.51B,$20.71B,$1.55T,116.53K
180,Oil & Natural Gas,~,"Mining, Crude-Oil Production",New Delhi,~,India,$71.47B,$5.95B,$85.22B,36.55K
181,Guangzhou Automobile Industry Group,~,Motor Vehicles & Parts,Guangzhou,~,China,$71.39B,$345.4M,$59.26B,110.85K
182,UBS Group,UBS,Banks: Commercial and Savings,Zurich,~,Switzerland,$71.25B,$27.85B,$1.72T,112.84K
183,Airbus,EADSY,Aerospace & Defense,Leiden,~,Netherlands,$70.75B,$4.1B,$131.29B,147.89K
184,Toyota Tsusho,TYHOF,Trading,Nagoya,~,Japan,$70.5B,$2.29B,$46.69B,69.52K
185,Zhejiang Geely Holding Group,~,Motor Vehicles & Parts,Hangzhou,~,China,$70.36B,$812.6M,$94.12B,143.99K
186,Taiwan Semiconductor Manufacturing,TSM,Semiconductors and Other Electronic Components,Hsinchu,~,Taiwan,$69.42B,$27.35B,$180.51B,76.48K
187,XMXYG,~,Trading,Xiamen,~,China,$69.29B,$14.5M,$46.72B,33.21K
188,RTX,RTX,Aerospace & Defense,Arlington,Virginia,U.S.,$68.92B,$3.19B,$161.87B,185K
189,Itau Unibanco Holding,ITUB,Banks: Commercial and Savings,Sao Paulo,~,Brazil,$68.45B,$6.63B,$524.12B,95.7K
190,ArcelorMittal,MT,Metals,Luxembourg,~,Luxembourg,$68.28B,$919M,$93.92B,126.76K
191,General Electric,GE,Industrial Machinery,Boston,Massachusetts,U.S.,$67.95B,$9.48B,$163.04B,125K
192,Beijing Automotive Group,~,Motor Vehicles & Parts,Beijing,~,China,$67.85B,$328.1M,$65.76B,90K
193,Lockheed Martin,LMT,Aerospace & Defense,Bethesda,Maryland,U.S.,$67.57B,$6.92B,$52.46B,122K
194,Koc Holding,KHOLY,Energy,Istanbul,~,Turkey,$67.48B,$3.04B,$96.81B,119.31K
195,American Express,AXP,Diversified Financials,New York,New York,U.S.,$67.36B,$8.37B,$261.11B,74.6K
196,Hitachi,HTHIY,"Electronics, Electrical Equip.",Tokyo,~,Japan,$67.31B,$4.08B,$80.82B,268.65K
197,Roche Group,RHHBY,Pharmaceuticals,Basel,~,Switzerland,$67.27B,$12.8B,$107.53B,103.61K
198,Wilmar International,WLMIY,Food Production,Singapore,~,Singapore,$67.16B,$1.52B,$61.81B,114.12K
199,Caterpillar,CAT,Construction and Farm Machinery,Irving,Texas,U.S.,$67.06B,$10.34B,$87.48B,113.2K
200,Banco Bilbao Vizcaya Argentaria,BBVA,Banks: Commercial and Savings,Bilbao,~,Spain,$66.98B,$8.67B,$856.59B,121.49K
201,Korea Electric Power,KEP,Utilities,"Naju, Jeollanam-do",~,South Korea,$66.98B,$-3.69B,$185.05B,48.7K
202,MetLife,MET,"Insurance: Life, Health (stock)",New York,New York,U.S.,$66.91B,$1.58B,$687.58B,45K
203,AEON,AONNY,Food & Drug Stores,Chiba,~,Japan,$66.73B,$312.2M,$86.49B,381.08K
204,Lloyds Banking Group,LYG,Banks: Commercial and Savings,London,~,Britain,$66.7B,$6.79B,$1.12T,62.57K
205,Deutsche Bank,DB,Banks: Commercial and Savings,Frankfurt,~,Germany,$65.98B,$6.85B,$1.45T,90.13K
206,China Vanke,CHVKF,Real estate,Shenzhen,~,China,$65.79B,$1.72B,$212.02B,131.1K
207,HCA Healthcare,HCA,Health Care: Medical Facilities,Nashville,Tennessee,U.S.,$64.97B,$5.24B,$56.21B,265K
208,Sumitomo Mitsui Financial Group,SMFG,Banks: Commercial and Savings,Tokyo,~,Japan,$64.72B,$6.66B,$1.95T,120.37K
209,LG Electronics,~,"Electronics, Electrical Equip.",Seoul,~,South Korea,$64.49B,$545.8M,$46.5B,74K
210,Unilever,UL,Household and Personal Products,London,~,Britain,$64.44B,$7.01B,$83.13B,128.38K
211,Accenture,ACN,Information Technology Services,Dublin,~,Ireland,$64.11B,$6.87B,$51.25B,732.82K
212,Barclays,BCS,Banks: Commercial and Savings,London,~,Britain,$63.8B,$6.54B,$1.88T,92.4K
213,Jinneng Holding Group,~,"Mining, Crude-Oil Production",Datong,~,China,$63.64B,$993.6M,$159.09B,439.05K
214,Aluminum Corp. of China,~,Metals,Beijing,~,China,$63.6B,$876.5M,$86.87B,125K
215,Munich Re Group,MURGY,Insurance: Property and Casualty (Stock),Munich,~,Germany,$63.35B,$4.98B,$302.4B,42.81K
216,Sberbank,SBRCY,Banks: Commercial and Savings,Moscow,~,Russia,$63.33B,$17.74B,$583.49B,210.75K
217,Banco do Brasil,BDORY,Banks: Commercial and Savings,Brasilia,~,Brazil,$63.32B,$5.98B,$443.91B,86.22K
218,Progressive,PGR,Insurance: Property and Casualty (Stock),Mayfield Village,Ohio,U.S.,$62.11B,$3.9B,$88.69B,61.43K
219,IBM,IBM,Information Technology Services,Armonk,New York,U.S.,$61.86B,$7.5B,$135.24B,296.6K
220,Nippon Steel Corporation,NPSCY,Metals,Tokyo,~,Japan,$61.36B,$3.8B,$70.85B,121.24K
221,Deere,DE,Construction and Farm Machinery,Moline,Illinois,U.S.,$61.25B,$10.17B,$104.09B,82.96K
222,Nvidia,NVDA,Semiconductors and Other Electronic Components,Santa Clara,California,U.S.,$60.92B,$29.76B,$65.73B,29.6K
223,StoneX Group,SNEX,Diversified Financials,New York,New York,U.S.,$60.86B,$238.5M,$21.94B,4.14K
224,Zurich Insurance Group,ZURVY,Insurance: Property and Casualty (Stock),Zurich,~,Switzerland,$60.65B,$4.35B,$361.38B,59.59K
225,Bouygues,BOUYY,Engineering & Construction,Paris,~,France,$60.6B,$1.12B,$67.09B,201.5K
226,Mizuho Financial Group,MFG,Banks: Commercial and Savings,Tokyo,~,Japan,$60.5B,$4.7B,$1.84T,52.31K
227,Daimler Truck Holding,DTRUY,Motor Vehicles & Parts,Leinfelden-Echterdingen,~,Germany,$60.42B,$4.08B,$78.65B,102.95K
228,ING Group,ING,Banks: Commercial and Savings,Amsterdam,~,Netherlands,$60.4B,$4.48B,$1.08T,59.43K
229,Merck,MRK,Pharmaceuticals,Rahway,New Jersey,U.S.,$60.12B,$365M,$106.67B,71K
230,Bunge,BG,Food Production,Chesterfield,Missouri,U.S.,$59.54B,$2.24B,$25.37B,23K
231,Anheuser-Busch InBev,BUD,Beverages,Leuven,~,Belgium,$59.38B,$5.34B,$219.34B,154.54K
232,Industrial Bank,~,Banks: Commercial and Savings,Fuzhou,~,China,$59.15B,$10.89B,$1.43T,66.57K
233,POSCO Holdings,PKX,Metals,Seoul,~,South Korea,$59B,$1.3B,$78.34B,44.5K
234,Panasonic Holdings,PCRHY,"Electronics, Electrical Equip.",Osaka,~,Japan,$58.79B,$3.07B,$62.24B,228.42K
235,ConocoPhillips,COP,"Mining, Crude-Oil Production",Houston,Texas,U.S.,$58.57B,$10.96B,$95.92B,9.9K
236,Pfizer,PFE,Pharmaceuticals,New York,New York,U.S.,$58.5B,$2.12B,$226.5B,88K
237,Delta Air Lines,DAL,Airlines,Atlanta,Georgia,U.S.,$58.05B,$4.61B,$73.64B,103K
238,China Huaneng Group,~,Energy,Beijing,~,China,$57.89B,$1.63B,$219.91B,124.62K
239,China Energy Engineering Group,~,Engineering & Construction,Beijing,~,China,$57.71B,$600M,$112.89B,119.18K
240,Dongfeng Motor,~,Motor Vehicles & Parts,Wuhan,~,China,$57.6B,$-391.6M,$71.05B,122.66K
241,TD Synnex,SNX,Wholesalers: Electronics and Office Equipment,Fremont,California,U.S.,$57.56B,$626.9M,$29.41B,28K
242,Publix Super Markets,PFE,Food & Drug Stores,Lakeland,Florida,U.S.,$57.53B,$4.35B,$34.38B,253K
243,Zhejiang Hengyi Group,~,Chemicals,Hangzhou,~,China,$57.47B,$23.5M,$18.83B,22.42K
244,Allstate,ALL,Insurance: Property and Casualty (Stock),Northbrook,Illinois,U.S.,$57.09B,$-188M,$103.36B,53.2K
245,Assicurazioni Generali,ARZGY,"Insurance: Life, Health (stock)",Trieste,~,Italy,$57.02B,$4.05B,$561.75B,81.88K
246,Cisco Systems,CSCO,Network and Other Communications Equipment,San Jose,California,U.S.,$57B,$12.61B,$101.85B,84.9K
247,Repsol,REPYY,Petroleum Refining,Madrid,~,Spain,$56.98B,$3.42B,$68.07B,23.94K
248,Lenovo Group,LNVGY,"Computers, Office Equipment",Hong Kong,~,China,$56.86B,$1.01B,$38.75B,69.5K
249,HBIS Group,~,Metals,Shijiazhuang,~,China,$56.73B,$23.7M,$76.87B,97.8K
250,Contemporary Amperex Technology,300750,Motor Vehicles & Parts,Ningde,~,China,$56.63B,$6.23B,$101.04B,116.06K
251,Renault,RNLSY,Motor Vehicles & Parts,Boulogne-Billancourt,~,France,$56.62B,$2.38B,$134.65B,105.5K
252,Banco Bradesco,BBD,Banks: Commercial and Savings,Osasco,~,Brazil,$56.49B,$2.85B,$397.26B,79.58K
253,China Electronics Technology Group,~,Aerospace & Defense,Beijing,~,China,$56.08B,$2.56B,$92.8B,241.1K
254,Nationwide,~,Insurance: Property and Casualty (Mutual),Columbus,Ohio,U.S.,$54.61B,$-45.2M,$290.62B,24.12K
255,Charter Communications,CHTR,Telecommunications,Stamford,Connecticut,U.S.,$54.61B,$4.56B,$147.19B,101.1K
256,State Power Investment,~,Energy,Beijing,~,China,$54.48B,$1.62B,$247.05B,127.51K
257,Edeka Zentrale,~,Wholesalers: Food and Grocery,Hamburg,~,Germany,$54.45B,$461.7M,$11.96B,410.7K
258,Bharat Petroleum,~,Petroleum Refining,Mumbai,~,India,$54.41B,$3.25B,$24.29B,8.51K
259,AbbVie,ABBV,Pharmaceuticals,North Chicago,Illinois,U.S.,$54.32B,$4.86B,$134.71B,50K
260,New York Life Insurance,~,"Insurance: Life, Health (Mutual)",New York,New York,U.S.,$54.32B,$804.6M,$408.9B,15.38K
261,Intel,INTC,Semiconductors and Other Electronic Components,Santa Clara,California,U.S.,$54.23B,$1.69B,$191.57B,124.8K
262,TJX,TJX,Specialty Retailers,Framingham,Massachusetts,U.S.,$54.22B,$4.47B,$29.75B,349K
263,Novartis,NVS,Pharmaceuticals,Basel,~,Switzerland,$54.09B,$14.85B,$99.94B,76.06K
264,Rio Tinto Group,RIO,"Mining, Crude-Oil Production",London,~,Britain,$54.04B,$10.06B,$103.55B,57.17K
265,Tsingshan Holding Group,~,Metals,Wenzhou,~,China,$53.98B,$1.55B,$20.65B,107.81K
266,Prudential Financial,PRU,"Insurance: Life, Health (stock)",Newark,New Jersey,U.S.,$53.98B,$2.49B,$721.12B,40.37K
267,COSCO Shipping,~,Shipping,Shanghai,~,China,$53.93B,$3.58B,$151.54B,106.22K
268,BHP Group,BHP,"Mining, Crude-Oil Production",Melbourne,~,Australia,$53.82B,$12.92B,$101.3B,42.32K
269,HP,HPQ,"Computers, Office Equipment",Palo Alto,California,U.S.,$53.72B,$3.26B,$37B,58K
270,United Airlines Holdings,UAL,Airlines,Chicago,Illinois,U.S.,$53.72B,$2.62B,$71.1B,103.3K
271,Tata Motors,~,Motor Vehicles & Parts,Mumbai,~,India,$53.63B,$3.79B,$44.48B,91.5K
272,Performance Food Group,PFGC,Wholesalers: Food and Grocery,Richmond,Virginia,U.S.,$53.35B,$397.2M,$12.5B,34.83K
273,Iberdrola,IBDRY,Utilities,Bilbao,~,Spain,$53.33B,$5.19B,$165.71B,41.45K
274,Deutsche Bahn,~,Railroads,Berlin,~,Germany,$53.2B,$-2.57B,$85.57B,326.78K
275,Idemitsu Kosan,IDKOY,Petroleum Refining,Tokyo,~,Japan,$53.04B,$1.58B,$33.15B,16.57K
276,Tyson Foods,TSN,Food Production,Springdale,Arkansas,U.S.,$52.88B,$-648M,$36.25B,139K
277,Midea Group,~,"Electronics, Electrical Equip.",Foshan,~,China,$52.79B,$4.76B,$68.48B,198.61K
278,American Airlines Group,AAL,Airlines,Fort Worth,Texas,U.S.,$52.79B,$822M,$63.06B,132.1K
279,China United Network Communications,~,Telecommunications,Beijing,~,China,$52.63B,$1.15B,$93.39B,242.89K
280,Liberty Mutual Insurance Group,~,Insurance: Property and Casualty (Stock),Boston,Massachusetts,U.S.,$52.61B,$213M,$165.21B,45K
281,Bank of Nova Scotia,BNS,Banks: Commercial and Savings,Toronto,~,Canada,$52.54B,$5.5B,$1.02T,89.48K
282,Volvo,VLVLY,Motor Vehicles & Parts,Gothenburg,~,Sweden,$52.1B,$4.7B,$66.91B,97.44K
283,Intesa Sanpaolo,ISNPY,Banks: Commercial and Savings,Turin,~,Italy,$52B,$8.35B,$1.06T,94.37K
284,Saint-Gobain,CODYY,"Building Materials, Glass",Courbevoie,~,France,$51.83B,$2.92B,$63.29B,144.42K
285,Shaanxi Yanchang Petroleum (Group),~,"Mining, Crude-Oil Production",Xian,~,China,$51.53B,$997.3M,$68.4B,130.43K
286,Bayer,BAYRY,Pharmaceuticals,Leverkusen,~,Germany,$51.5B,$-3.18B,$128.41B,99.72K
287,Tokio Marine Holdings,TKOMY,Insurance: Property and Casualty (Stock),Tokyo,~,Japan,$51.37B,$4.81B,$202.32B,43.87K
288,Nike,NKE,Apparel,Beaverton,Oregon,U.S.,$51.22B,$5.07B,$37.53B,83.7K
289,Maersk Group,AMKBY,Shipping,Copenhagen,~,Denmark,$51.06B,$3.82B,$82.1B,105.91K
290,Phoenix Pharma,~,Wholesalers: Health Care,Mannheim,~,Germany,$50.93B,$234.6M,$15.54B,41.28K
291,Greenland Holding Group,~,Real estate,Shanghai,~,China,$50.9B,$-1.35B,$168.21B,59.97K
292,Shanghai Pudong Development Bank,~,Banks: Commercial and Savings,Shanghai,~,China,$50.86B,$5.18B,$1.27T,63.58K
293,Louis Dreyfus,~,Food Production,Rotterdam,~,Netherlands,$50.62B,$1.01B,$22.08B,17.02K
294,Bank of Montreal,BMO,Banks: Commercial and Savings,Toronto,~,Canada,$50.49B,$3.24B,$931.89B,55.77K
295,ZF Friedrichshafen,~,Motor Vehicles & Parts,Friedrichshafen,~,Germany,$50.41B,$-33.5M,$43.26B,165.94K
296,KB Financial Group,KB,Banks: Commercial and Savings,Seoul,~,South Korea,$50.23B,$3.55B,$552.51B,25K
297,Sanofi,SNY,Pharmaceuticals,Paris,~,France,$50.21B,$5.84B,$139.68B,86.09K
298,Marubeni,MARUY,Trading,Tokyo,~,Japan,$50.17B,$3.26B,$59.01B,53.8K
299,Oracle,ORCL,Computer Software,Austin,Texas,U.S.,$49.95B,$8.5B,$134.38B,164K
300,Jinchuan Group,~,Metals,Jinchang City,~,China,$49.9B,$1.36B,$21.78B,31.02K
301,Swiss Re,SSREY,Insurance: Property and Casualty (Stock),Zurich,~,Switzerland,$49.8B,$3.21B,$179.58B,14.72K
302,Chubb,CB,Insurance: Property and Casualty (Stock),Zurich,~,Switzerland,$49.73B,$9.03B,$230.68B,40K
303,Enterprise Products Partners,EPD,Pipelines,Houston,Texas,U.S.,$49.72B,$5.53B,$70.98B,7.5K
304,Capital One Financial,COF,Banks: Commercial and Savings,McLean,Virginia,U.S.,$49.48B,$4.89B,$478.46B,51.99K
305,Denso,DNZOY,Motor Vehicles & Parts,Kariya,~,Japan,$49.44B,$2.16B,$60.13B,162.03K
306,HDFC Bank,~,Banks: Commercial and Savings,Mumbai,~,India,$49.3B,$7.74B,$483.58B,213.53K
307,China National Building Material Group,~,"Building Materials, Glass",Beijing,~,China,$49.09B,$198.2M,$99.34B,206.52K
308,Veolia Environnement,VEOEY,Utilities,Aubervilliers,~,France,$49.03B,$1.01B,$80.15B,218.29K
309,China State Shipbuilding,~,Shipping,Shanghai,~,China,$48.89B,$2.41B,$143.71B,196.31K
310,Vodafone Group,VOD,Telecommunications,Newbury,~,Britain,$48.87B,$1.24B,$155.75B,96.28K
311,Plains GP Holdings,PAGP,Pipelines,Houston,Texas,U.S.,$48.71B,$198M,$28.6B,4.2K
312,Landesbank Baden-Wurttemberg,~,Banks: Commercial and Savings,Stuttgart,~,Germany,$48.57B,$1.08B,$368.13B,10.43K
313,EXOR Group,EXXRF,Diversified Financials,Amsterdam,~,Netherlands,$48.37B,$4.53B,$104.68B,83.77K
314,Jingye Group,~,Metals,Shijiazhuang,~,China,$48.12B,$248.9M,$13.37B,33K
315,UniCredit Group,UNCRY,Banks: Commercial and Savings,Milan,~,Italy,$48.04B,$10.28B,$866.99B,70.75K
316,Energie Baden-Wurttemberg,~,Utilities,Karlsruhe,~,Germany,$48.03B,$1.66B,$71.48B,26.94K
317,Tokyo Electric Power,TKECY,Utilities,Tokyo,~,Japan,$47.87B,$1.85B,$96.52B,38.18K
318,Sumitomo,SSUMY,Trading,Tokyo,~,Japan,$47.81B,$2.67B,$72.96B,79.69K
319,World Kinect,WKC,Energy,Miami,Florida,U.S.,$47.71B,$52.9M,$7.38B,5.29K
320,Orange,ORAN,Telecommunications,Issy-les-Moulineaux,~,France,$47.7B,$2.64B,$121.55B,127.11K
321,HD Hyundai,~,Petroleum Refining,"Seongnam-si, Gyeonggi-do",~,South Korea,$46.96B,$202.5M,$52.48B,34.1K
322,Ingka Group,~,Specialty Retailers,Leiden,~,Netherlands,$46.94B,$1.6B,$61.28B,165.35K
323,ANZ Group Holdings,ANZGY,Banks: Commercial and Savings,Docklands,~,Australia,$46.83B,$4.72B,$712.71B,40.34K
324,AIG,AIG,Insurance: Property and Casualty (Stock),New York,New York,U.S.,$46.8B,$3.64B,$539.31B,25.2K
325,SoftBank Group,SFTBY,Telecommunications,Tokyo,~,Japan,$46.75B,$-1.58B,$308.98B,65.35K
326,Sinomach,~,Industrial Machinery,Beijing,~,China,$46.48B,$181.6M,$45.85B,117.36K
327,Talanx,~,Insurance: Property and Casualty (Stock),Hanover,~,Germany,$46.16B,$1.71B,$187.04B,27.86K
328,America Movil,AMX,Telecommunications,Mexico City,~,Mexico,$46.01B,$4.29B,$92.4B,176.08K
329,AstraZeneca,AZN,Pharmaceuticals,Cambridge,~,Britain,$45.81B,$5.96B,$101.12B,89.9K
330,Zhejiang Communications Investment Group,~,Transportation and Logistics,Hangzhou,~,China,$45.77B,$763.6M,$131.77B,43.27K
331,China Pacific Insurance (Group),CHPXF,"Insurance: Life, Health (stock)",Shanghai,~,China,$45.76B,$3.85B,$330.24B,98.73K
332,Coca-Cola,KO,Beverages,Atlanta,Georgia,U.S.,$45.75B,$10.71B,$97.7B,79.1K
333,TIAA,~,"Insurance: Life, Health (Mutual)",New York,New York,U.S.,$45.73B,$-1.41B,$629.37B,16.02K
334,Caixa Economica Federal,~,Banks: Commercial and Savings,Brasilia,~,Brazil,$45.71B,$2.35B,$377.31B,86.96K
335,CHS,~,Food Production,Inver Grove Heights,Minnesota,U.S.,$45.59B,$1.9B,$18.96B,10.61K
336,China Huadian,~,Utilities,Beijing,~,China,$45.53B,$1.91B,$154.66B,93.46K
337,Credit Mutuel Group,~,Diversified Financials,Strasbourg,~,France,$45.49B,$4.26B,$1.01T,77.28K
338,MS&AD Insurance Group Holdings,MSADY,Insurance: Property and Casualty (Stock),Tokyo,~,Japan,$45.48B,$2.56B,$178.28B,38.39K
339,Hyundai Mobis,~,Motor Vehicles & Parts,Seoul,~,South Korea,$45.37B,$2.62B,$45.23B,46.18K
340,Susun Construction Group,~,Engineering & Construction,Shanghai,~,China,$45.27B,$1.14B,$33.33B,141.26K
341,SNCF Group,~,Railroads,St. Denis,~,France,$45.15B,$1.42B,$143.86B,282.79K
342,Bristol-Myers Squibb,BMY,Pharmaceuticals,Princeton,New Jersey,U.S.,$45.01B,$8.03B,$95.16B,34.1K
343,China South Industries Group,~,Aerospace & Defense,Beijing,~,China,$44.79B,$1.14B,$65.36B,159.84K
344,Continental,CTTAY,Motor Vehicles & Parts,Hanover,~,Germany,$44.78B,$1.25B,$41.7B,202.76K
345,Raizen,~,Petroleum Refining,Sao Paulo,~,Brazil,$44.69B,$105.6M,$25.56B,45.42K
346,Dow,DOW,Chemicals,Midland,Michigan,U.S.,$44.62B,$589M,$57.97B,35.9K
347,George Weston,WNGRF,Food & Drug Stores,Toronto,~,Canada,$44.56B,$1.14B,$37.75B,220.28K
348,L'Oreal,LRLCY,Household and Personal Products,Clichy,~,France,$44.52B,$6.69B,$57.27B,94.61K
349,Fomento Economico Mexicano,FMX,Beverages,Monterrey,~,Mexico,$44.17B,$3.7B,$47.6B,392.93K
350,Telefonica,TEF,Telecommunications,Madrid,~,Spain,$43.95B,$-964.3M,$115.22B,104.14K
351,China Minsheng Banking,CMAKY,Banks: Commercial and Savings,Beijing,~,China,$43.55B,$5.06B,$1.08T,63.74K
352,Best Buy,BBY,Specialty Retailers,Richfield,Minnesota,U.S.,$43.45B,$1.24B,$14.97B,85K
353,Woolworths Group,WOLWF,Food & Drug Stores,Bella Vista,~,Australia,$43.26B,$1.09B,$22.41B,200.36K
354,Shanghai Construction Group,~,Engineering & Construction,Shanghai,~,China,$43.03B,$220.1M,$53.83B,51.27K
355,LG Chem,~,Chemicals,Seoul,~,South Korea,$42.92B,$1.02B,$59.8B,40K
356,Thermo Fisher Scientific,TMO,Medical Products and Equipment,Waltham,Massachusetts,U.S.,$42.86B,$6B,$98.73B,122K
357,Magna International,MGA,Motor Vehicles & Parts,"Aurora, Ontario",~,Canada,$42.8B,$1.21B,$32.26B,166K
358,OMV Group,OMVKY,Petroleum Refining,Vienna,~,Austria,$42.66B,$1.68B,$55.96B,20.59K
359,Massachusetts Mutual Life Insurance,~,"Insurance: Life, Health (Mutual)",Springfield,Massachusetts,U.S.,$42.64B,$-771.6M,$397.89B,11.32K
360,USAA,~,Insurance: Property and Casualty (Stock),San Antonio,Texas,U.S.,$42.49B,$1.21B,$211.64B,37.38K
361,Guangzhou Municipal Construction Group,~,Engineering & Construction,Guangzhou,~,China,$42.4B,$152M,$29.9B,50.61K
362,General Dynamics,GD,Aerospace & Defense,Reston,Virginia,U.S.,$42.27B,$3.31B,$54.81B,111.6K
363,Vale,VALE,"Mining, Crude-Oil Production",Rio de Janeiro,~,Brazil,$41.78B,$7.98B,$94.19B,66.81K
364,Zijin Mining Group,ZIJMY,Metals,Longyan,~,China,$41.45B,$2.98B,$48.33B,55.24K
365,Travelers,TRV,Insurance: Property and Casualty (Stock),New York,New York,U.S.,$41.36B,$2.99B,$125.98B,33.13K
366,Warner Bros. Discovery,WBD,Entertainment,New York,New York,U.S.,$41.32B,$-3.13B,$122.76B,35.3K
367,Canadian Imperial Bank of Commerce,CM,Banks: Commercial and Savings,Toronto,~,Canada,$41.17B,$3.7B,$703.07B,48.07K
368,LyondellBasell Industries,LYB,Chemicals,Rotterdam,~,Netherlands,$41.11B,$2.11B,$37B,20K
369,J. Sainsbury,JSAIY,Food & Drug Stores,London,~,Britain,$41.09B,$172.1M,$31.67B,100K
370,Shenzhen Investment Holdings,~,Diversified Financials,Shenzhen,~,China,$41.03B,$1.41B,$162.42B,103.93K
371,Ansteel Group,~,Metals,Anshan,~,China,$40.68B,$-83.1M,$68B,149.76K
372,Hanwha,~,Diversified Financials,Seoul,~,South Korea,$40.68B,$291.3M,$161.91B,69.34K
373,U.S. Bancorp,USB,Banks: Commercial and Savings,Minneapolis,Minnesota,U.S.,$40.62B,$5.43B,$663.49B,75.47K
374,Lufthansa Group,DLAKY,Airlines,Cologne,~,Germany,$40.46B,$1.81B,$50.06B,79.76K
375,Pegatron,~,"Electronics, Electrical Equip.",Taipei,~,Taiwan,$40.36B,$504.6M,$18.18B,147.36K
376,Abbott Laboratories,ABT,Medical Products and Equipment,Abbott Park,Illinois,U.S.,$40.11B,$5.72B,$73.21B,114K
377,ThyssenKrupp,TKAMY,Metals,Essen,~,Germany,$40.03B,$-2.21B,$35.23B,99.98K
378,New Hope Holding Group,~,Food Production,Chengdu,~,China,$39.99B,$-93M,$41.77B,79.07K
379,KDDI,KDDIY,Telecommunications,Tokyo,~,Japan,$39.81B,$4.41B,$93.55B,61.29K
380,China National Nuclear,~,Energy,Beijing,~,China,$39.63B,$1.3B,$188.57B,182.75K
381,Taikang Insurance Group,~,"Insurance: Life, Health (Mutual)",Beijing,~,China,$39.41B,$1.79B,$235.07B,55.41K
382,Northrop Grumman,NOC,Aerospace & Defense,Falls Church,Virginia,U.S.,$39.29B,$2.06B,$46.54B,101K
383,Jiangsu Shagang Group,~,Metals,Zhangjiagang,~,China,$39.24B,$227.7M,$51.67B,44K
384,Meituan,MPNGY,Internet Services and Retailing,Beijing,~,China,$39.09B,$1.96B,$41.28B,114.86K
385,Chery Holding Group,~,Motor Vehicles & Parts,Wuhu,~,China,$39.09B,$585.7M,$37.35B,56.58K
386,Inditex,IDEXY,Specialty Retailers,Arteixo,~,Spain,$38.9B,$5.82B,$35.55B,114.51K
387,Schneider Electric,SBGSY,"Electronics, Electrical Equip.",Rueil-Malmaison,~,France,$38.81B,$4.33B,$65.05B,168.04K
388,Northwestern Mutual,~,"Insurance: Life, Health (Mutual)",Milwaukee,Wisconsin,U.S.,$38.79B,$711.4M,$358.83B,8.24K
389,Dollar General,DG,Specialty Retailers,Goodlettsville,Tennessee,U.S.,$38.69B,$1.66B,$30.8B,185.8K
390,Cenovus Energy,CVE,"Mining, Crude-Oil Production",Calgary,~,Canada,$38.69B,$3.05B,$40.89B,6.92K
391,ACS,ACSAY,Engineering & Construction,Madrid,~,Spain,$38.63B,$843.4M,$40.31B,122.98K
392,Coop Group,~,Food & Drug Stores,Basel,~,Switzerland,$38.58B,$640M,$26.14B,82.98K
393,Fairfax Financial Holdings,FRFHF,Insurance: Property and Casualty (Stock),Toronto,~,Canada,$38.42B,$4.38B,$91.99B,51.04K
394,Guangzhou Industrial Investment Holdings,~,Industrial Machinery,Guangzhou,~,China,$38.35B,$150.7M,$48.96B,88.44K
395,PBF Energy,PBF,Petroleum Refining,Parsippany,New Jersey,U.S.,$38.32B,$2.14B,$14.39B,3.78K
396,Standard Chartered,SCBFY,Banks: Commercial and Savings,London,~,Britain,$38.29B,$3.47B,$822.84B,84.96K
397,Xiaomi,XIACY,"Electronics, Electrical Equip.",Beijing,~,China,$38.28B,$2.47B,$45.68B,33.63K
398,Compass Group,CMPGY,Food Services,Chertsey,~,Britain,$38B,$1.61B,$21.49B,562.46K
399,Meiji Yasuda Life Insurance,~,"Insurance: Life, Health (Mutual)",Tokyo,~,Japan,$37.9B,$1.06B,$349.49B,47.14K
400,GSK,GSK,Pharmaceuticals,Brentford,~,Britain,$37.69B,$6.12B,$75.2B,70.21K
401,Suncor Energy,SU,Petroleum Refining,Calgary,~,Canada,$37.61B,$6.15B,$67.16B,14.91K
402,Hangzhou Industrial Investment Group,~,Diversified Financials,Hangzhou,~,China,$37.4B,$364.1M,$12.1B,4.06K
403,Uber Technologies,UBER,Internet Services and Retailing,San Francisco,California,U.S.,$37.28B,$1.89B,$38.7B,30.4K
404,DZ Bank,~,Banks: Commercial and Savings,Frankfurt,~,Germany,$37.22B,$2.3B,$711.94B,29.9K
405,GS Caltex,~,Petroleum Refining,Seoul,~,South Korea,$37.22B,$882.6M,$18.78B,3.27K
406,Suzuki Motor,SZKMY,Motor Vehicles & Parts,Hamamatsu,~,Japan,$37.18B,$1.85B,$35.61B,72.37K
407,Haier Smart Home,HSHCY,"Electronics, Electrical Equip.",Qingdao,~,China,$36.93B,$2.34B,$35.7B,112.46K
408,X5 Retail Group,~,Food & Drug Stores,Amsterdam,~,Netherlands,$36.92B,$918.8M,$17.66B,372.2K
409,La Poste,~,"Mail, Package, and Freight Delivery",Paris,~,France,$36.83B,$555.7M,$845.51B,232.73K
410,Hangzhou Iron and Steel Group,~,Metals,Hangzhou,~,China,$36.77B,$197.3M,$14.86B,11.49K
411,Shanghai Pharmaceuticals Holding,SHPMY,Wholesalers: Health Care,Shanghai,~,China,$36.77B,$532.3M,$29.86B,48.16K
412,Shandong Hi-Speed Group,~,Transportation and Logistics,Jinan,~,China,$36.74B,$491.6M,$213.27B,56.43K
413,Honeywell International,HON,Industrial Machinery,Charlotte,North Carolina,U.S.,$36.66B,$5.66B,$61.52B,95K
414,Guangdong Guangxin Holdings,~,Diversified Financials,Guangzhou,~,China,$36.61B,$86M,$17.39B,44.84K
415,S.F. Holding,~,Transportation and Logistics,Shenzhen,~,China,$36.5B,$1.16B,$31.21B,153.13K
416,Mitsubishi Electric,MIELY,"Electronics, Electrical Equip.",Tokyo,~,Japan,$36.38B,$1.97B,$40.78B,149.13K
417,Guangzhou Pharmaceutical Holdings,~,Pharmaceuticals,Guangzhou,~,China,$36.31B,$324M,$11.79B,35.39K
418,China Datang,~,Energy,Beijing,~,China,$36.27B,$332.9M,$122.38B,87.99K
419,Mapfre Group,MPFRY,Insurance: Property and Casualty (Stock),Madrid,~,Spain,$36.1B,$732.1M,$60.69B,30.87K
420,CFE,~,Utilities,Mexico City,~,Mexico,$36.08B,$5.48B,$137.34B,92.05K
421,Jardine Matheson,JMHLY,Motor Vehicles & Parts,Hong Kong,~,China,$36.05B,$686M,$89.18B,443K
422,Mondelez International,MDLZ,Food Consumer Products,Chicago,Illinois,U.S.,$36.02B,$4.96B,$71.39B,91K
423,Daiwa House Industry,DWAHY,Engineering & Construction,Osaka,~,Japan,$36B,$2.07B,$43.21B,48.48K
424,Starbucks,SBUX,Food Services,Seattle,Washington,U.S.,$35.98B,$4.12B,$29.45B,381K
425,Olam Group,OLGPF,Food Production,Singapore,~,Singapore,$35.95B,$207.6M,$25.29B,65.98K
426,Qualcomm,QCOM,Semiconductors and Other Electronic Components,San Diego,California,U.S.,$35.82B,$7.23B,$51.04B,50K
427,Broadcom,AVGO,Semiconductors and Other Electronic Components,Palo Alto,California,U.S.,$35.82B,$14.08B,$72.86B,20K
428,JFE Holdings,JFEEF,Metals,Tokyo,~,Japan,$35.8B,$1.37B,$38.06B,62.22K
429,Hailiang Group,~,Trading,Hangzhou,~,China,$35.7B,$32.2M,$10.31B,26.73K
430,US Foods Holding,USFD,Wholesalers: Food and Grocery,Rosemont,Illinois,U.S.,$35.6B,$506M,$13.19B,30K
431,ELO Group,~,Food & Drug Stores,Croix,~,France,$35.57B,$-409.7M,$22.96B,145.03K
432,Migros Group,~,Food & Drug Stores,Zurich,~,Switzerland,$35.56B,$205.9M,$95.61B,72.52K
433,Mercadona,~,Food & Drug Stores,Valencia,~,Spain,$35.53B,$1.09B,$14.94B,98.7K
434,D.R. Horton,DHI,Homebuilders,Arlington,Texas,U.S.,$35.46B,$4.75B,$32.58B,13.45K
435,China Electronics,~,"Electronics, Electrical Equip.",Shenzhen,~,China,$35.39B,$26.8M,$61.09B,183.47K
436,Shudao Investment Group,~,Engineering & Construction,Chengdu,~,China,$35.38B,$685.9M,$188.45B,55.88K
437,China National Coal Group,~,"Mining, Crude-Oil Production",Beijing,~,China,$35.36B,$2.15B,$73.99B,144.53K
438,TongLing Nonferrous Metals Group,~,Metals,Tongling,~,China,$35.24B,$59.7M,$14.24B,21.44K
439,CK Hutchison Holdings,CKHUY,Specialty Retailers,Hong Kong,~,China,$35.2B,$3B,$148.42B,300K
440,Philip Morris International,PM,Tobacco,Stamford,Connecticut,U.S.,$35.17B,$7.81B,$65.3B,82.7K
441,Paccar,PCAR,Motor Vehicles & Parts,Bellevue,Washington,U.S.,$35.13B,$4.6B,$40.82B,32.4K
442,PDD Holdings,PDD,Internet Services and Retailing,Shanghai,~,China,$34.98B,$8.48B,$49.04B,17.4K
443,CRH,CRH,"Building Materials, Glass",Dublin,~,Ireland,$34.95B,$3.18B,$47.47B,78.5K
444,Quanta Computer,~,"Computers, Office Equipment",Taoyuan,~,Taiwan,$34.86B,$1.27B,$22.52B,56.71K
445,Salesforce,CRM,Computer Software,San Francisco,California,U.S.,$34.86B,$4.14B,$99.82B,72.68K
446,AIA Group,AAGIY,"Insurance: Life, Health (stock)",Hong Kong,~,China,$34.85B,$3.76B,$286.32B,27.32K
447,Nucor,NUE,Metals,Charlotte,North Carolina,U.S.,$34.71B,$4.52B,$35.34B,32K
448,Jabil,JBL,Semiconductors and Other Electronic Components,St. Petersburg,Florida,U.S.,$34.7B,$818M,$19.42B,236K
449,National Australia Bank,NABZY,Banks: Commercial and Savings,Melbourne,~,Australia,$34.55B,$4.93B,$682.71B,38.52K
450,SAP,SAP,Computer Software,Walldorf,~,Germany,$34.54B,$6.64B,$75.47B,107.6K
451,CRRC Group,~,Industrial Machinery,Beijing,~,China,$34.52B,$861.5M,$76.6B,165.34K
452,Shanghai Delong Steel Group,~,Metals,Shanghai,~,China,$34.4B,$223.3M,$21.81B,42.84K
453,Lennar,LEN,Homebuilders,Miami,Florida,U.S.,$34.23B,$3.94B,$39.23B,12.28K
454,Sompo Holdings,SMPNY,Insurance: Property and Casualty (Stock),Tokyo,~,Japan,$34.14B,$2.88B,$98.09B,48.42K
455,Eli Lilly,LLY,Pharmaceuticals,Indianapolis,Indiana,U.S.,$34.12B,$5.24B,$64.01B,43K
456,Korea Gas,~,Utilities,Daegu,~,South Korea,$34.11B,$-582.8M,$44.2B,4.16K
457,Molina Healthcare,MOH,Health Care: Insurance and Managed Care,Long Beach,California,U.S.,$34.07B,$1.09B,$14.89B,18K
458,Beijing Jianlong Heavy Industry Group,~,Metals,Beijing,~,China,$34.07B,$138.9M,$26.73B,57.86K
459,Cummins,CMI,Industrial Machinery,Columbus,Indiana,U.S.,$34.06B,$735M,$32.01B,75.5K
460,Shaanxi Construction Engineering Holding,~,Engineering & Construction,Xian,~,China,$34.06B,$352.7M,$61.08B,41.39K
461,Rabobank Group,~,Banks: Commercial and Savings,Utrecht,~,Netherlands,$34.04B,$4.63B,$677.93B,49.13K
462,Aisin,ASEKY,Motor Vehicles & Parts,Kariya,~,Japan,$33.97B,$628.3M,$30.7B,115.14K
463,Rajesh Exports,~,Trading,Bengaluru,~,India,$33.94B,$40.5M,$2.65B,141
464,British American Tobacco,BTI,Tobacco,London,~,Britain,$33.91B,$-17.86B,$151.31B,49.84K
465,CPC,~,Petroleum Refining,Kaohsiung,~,Taiwan,$33.9B,$-656.7M,$34.35B,17.14K
466,Bank of New York Mellon,BK,Banks: Commercial and Savings,New York,New York,U.S.,$33.8B,$3.29B,$409.95B,53.4K
467,Tongwei Group,~,Energy,Chengdu,~,China,$33.73B,$593.9M,$25.09B,58.33K
468,Netflix,NFLX,Entertainment,Los Gatos,California,U.S.,$33.72B,$5.41B,$48.73B,13K
469,Novo Nordisk,NVO,Pharmaceuticals,Bagsvaerd,~,Denmark,$33.7B,$12.14B,$46.61B,63.84K
470,Shougang Group,~,Metals,Beijing,~,China,$33.62B,$343.8M,$74.25B,83.51K
471,Shanxi Coking Coal Group,~,"Mining, Crude-Oil Production",Taiyuan,~,China,$33.53B,$1.25B,$73.32B,214.94K
472,Guangxi Investment Group,~,Diversified Financials,Nanning,~,China,$33.43B,$68.1M,$113.54B,32.24K
473,VTB Bank,~,Banks: Commercial and Savings,Moscow,~,Russia,$33.42B,$4.94B,$327.76B,76.1K
474,Mazda Motor,MZDAY,Motor Vehicles & Parts,Hiroshima,~,Japan,$33.4B,$1.44B,$25.07B,48.69K
475,Hunan Iron & Steel Group,~,Metals,Changsha,~,China,$33.34B,$834M,$24.47B,36.11K
476,Power Corp. of Canada,PWCDF,"Insurance: Life, Health (stock)",Montreal,~,Canada,$33.26B,$1.67B,$568.48B,40.3K
477,Truist Financial,TFC,Banks: Commercial and Savings,Charlotte,North Carolina,U.S.,$33.25B,$-1.09B,$535.35B,49.94K
478,Siemens Energy,SMNEY,Energy,Munich,~,Germany,$33.18B,$-4.83B,$50.7B,94K
479,Schlumberger,SLB,"Oil and Gas Equipment, Services",Houston,Texas,U.S.,$33.13B,$4.2B,$47.96B,111K
480,Ecopetrol,EC,"Mining, Crude-Oil Production",Bogota,~,Colombia,$33.13B,$4.87B,$72.4B,19.66K
481,Arrow Electronics,ARW,Wholesalers: Electronics and Office Equipment,Centennial,Colorado,U.S.,$33.11B,$903.5M,$21.73B,22.1K
482,Jeronimo Martins,JRONY,Food & Drug Stores,Lisbon,~,Portugal,$33.09B,$817.3M,$15.79B,134.38K
483,China National Aviation Fuel Group,~,Trading,Beijing,~,China,$32.98B,$98.8M,$10.7B,13.69K
484,Commonwealth Bank of Australia,CMWAY,Banks: Commercial and Savings,Sydney,~,Australia,$32.98B,$6.79B,$834.52B,49.45K
485,Centrica,CPYYY,Utilities,Windsor,~,Britain,$32.88B,$4.88B,$27.23B,21.01K
486,Linde,LIN,Chemicals,"Woking, Surrey",~,Britain,$32.85B,$6.2B,$80.81B,66.32K
487,Heineken,HEINY,Beverages,Amsterdam,~,Netherlands,$32.82B,$1.27B,$60.48B,89.73K
488,Luxshare Precision Industry,SZ: 002475,"Electronics, Electrical Equip.",Dongguan,~,China,$32.76B,$1.55B,$22.82B,232.59K
489,3M,MMM,Chemicals,St. Paul,Minnesota,U.S.,$32.68B,$-7B,$50.58B,85K
490,Visa,V,Diversified Financials,San Francisco,California,U.S.,$32.65B,$17.27B,$90.5B,28.8K
491,Apollo Global Management,APO,Diversified Financials,New York,New York,U.S.,$32.64B,$5.05B,$313.49B,6.86K
492,Emirates Group,~,Airlines,Dubai,~,United Arab Emirates,$32.64B,$4.69B,$44.64B,112.41K
493,Vibra Energia,PETRY,Petroleum Refining,Rio de Janeiro,~,Brazil,$32.63B,$954.5M,$8.96B,3.53K
494,Metro,MTTWF,Wholesalers: Food and Grocery,Dusseldorf,~,Germany,$32.58B,$468.1M,$12.33B,81.83K
495,Subaru,FUJHY,Motor Vehicles & Parts,Tokyo,~,Japan,$32.54B,$2.66B,$31.84B,37.69K
496,Air France-KLM Group,AFLYY,Airlines,Paris,~,France,$32.45B,$1.01B,$38.09B,76.27K
497,Enbridge,ENB,Pipelines,Calgary,~,Canada,$32.35B,$4.59B,$136.77B,12.45K
498,ABB,ABBNY,Industrial Machinery,Zurich,~,Switzerland,$32.23B,$3.75B,$40.94B,107.9K
499,Mitsubishi Heavy Industries,MHVYF,Industrial Machinery,Tokyo,~,Japan,$32.22B,$1.54B,$41.37B,77.7K
500,Samsung C&T,~,Engineering & Construction,Seoul,~,South Korea,$32.08B,$1.7B,$51.05B,18.68K
