year,rank,company_name,country,index_score,industry_group,forbes_rank,company_sales,company_profits,company_assets
2024,1,Microsoft,United States,100.0,Technology Products and Services,9,$207’590,$69’020,$380’090
2024,2,Alphabet,United States,97.58257367,Technology Products and Services,7,$282’850,$58’590,$369’490
2024,3,Amazon,United States,79.8976458,Technology Products and Services,36,$524’900,$4’290,$464’380
2024,4,Meta Platforms,United States,78.22085747,Technology Products and Services,31,$117’350,$21’440,$184’490
2024,5,Alibaba Group,China,76.2001133,Technology Products and Services,54,$128’260,$4’460,$254’930
2024,6,Qualcomm,United States,72.68859901,Technology Products and Services,180,$41’070,$10’540,$48’360
2024,7,Accenture,Ireland,72.41465662,Technology Products and Services,160,$63’140,$6’940,$47’730
2024,8,IBM,United States,72.21441572,Technology Products and Services,175,$60’580,$1’830,$133’640
2024,9,Tencent Holdings,China,71.93208342,Technology Products and Services,35,$82’410,$27’260,$227’010
2024,10,Samsung Electronics,South Korea,69.13175576,Technology Products and Services,14,$220’070,$34’490,$348’810
2024,11,Oracle,United States,66.90160284,Technology Products and Services,80,$47’960,$8’370,$131’620
2024,12,Visa,United States,62.95751802,Financial Services,122,$30’980,$15’480,$86’750
2024,13,Cisco Systems,United States,62.76187762,Technology Products and Services,93,$53’160,$11’300,$95’840
2024,14,Apple,United States,58.4360399,Technology Products and Services,10,$385’100,$94’320,$332’160
2024,15,Deutsche Telekom,Germany,57.01473453,Telecommunications,41,$120’720,$8’410,$342’620
2024,16,KDDI,Japan,56.68551578,Telecommunications,158,$42’700,$4’950,$88’020
2024,17,Hon Hai Precision,Taiwan,55.75829703,Technology Products and Services,116,$222’290,$4’750,$134’500
2024,18,Sony,Japan,55.39286868,Consumer Goods and Retail,57,$85’150,$6’920,$240’750
2024,19,Reliance Industries,India,55.05488861,Energy and Utilities,45,$109’430,$8’300,$208’500
2024,20,Bayer,Germany,54.41763841,Healthcare and Pharmaceuticals,137,$53’330,$4’360,$139’690
2024,21,Barclays,United Kingdom,54.26571964,Financial Services,164,$30’930,$6’500,$1’902’960
2024,22,Volkswagen Group,Germany,53.48475382,Automotive,29,$293’470,$15’630,$633’780
2024,23,Hyundai Motor,South Korea,53.44826018,Automotive,104,$114’550,$7’020,$203’070
2024,24,Walmart,United States,52.3389106,Consumer Goods and Retail,23,$611’290,$11’680,$243’200
2024,25,Toyota Motor,Japan,52.14166364,Automotive,13,$270’490,$18’500,$542’500
2024,26,Medtronic,Ireland,52.10937806,Healthcare and Pharmaceuticals,172,$30’770,$4’070,$94’130
2024,27,General Motors,United States,51.58338835,Automotive,70,$160’740,$9’390,$267’000
2024,28,AstraZeneca,United Kingdom,51.44774986,Healthcare and Pharmaceuticals,126,$43’850,$4’730,$96’690
2024,29,JPMorgan Chase,United States,50.99610206,Financial Services,1,$179’930,$41’800,$3’744’300
2024,30,Lockheed Martin,United States,50.85842289,Manufacturing,159,$66’150,$5’690,$54’620
2024,31,General Electric,United States,50.44542993,Manufacturing,64,$74’020,$8’560,$164’470
2024,32,Deutsche Bank,Germany,49.83624163,Financial Services,188,$44’540,$5’590,$1’419’750
2024,33,FedEx,United States,49.55805632,Transportation,167,$92’620,$2’990,$85’780
2024,34,Nippon Telegraph & Tel,Japan,49.19971837,Telecommunications,56,$97’360,$9’000,$190’660
2024,35,Contemporary Amperex Technology,China,49.02860563,Manufacturing,121,$53’660,$5’700,$93’160
2024,36,Comcast,United States,48.194545,Media and Entertainment,51,$120’110,$5’660,$259’430
2024,37,Goldman Sachs Group,United States,48.18736714,Financial Services,34,$79’450,$10’560,$1’538’350
2024,38,Intesa Sanpaolo,Italy,47.72281553,Financial Services,113,$36’360,$5’830,$1’037’750
2024,39,Santander,Spain,47.05905225,Financial Services,49,$87’740,$10’090,$1’900’640
2024,40,Mitsui (Mitsui & Company),Japan,46.51495659,Manufacturing,108,$105’570,$8’340,$115’570
2024,41,Siemens,Germany,46.49410592,Manufacturing,97,$77’300,$3’740,$153’610
2024,42,UBS,Switzerland,46.13759837,Financial Services,92,$39’890,$6’550,$1’053’130
2024,43,Lloyds Banking Group,United Kingdom,46.1225069,Financial Services,147,$27’970,$7’050,$1’095’150
2024,44,Porsche Automobil Holding,Germany,46.08371209,Automotive,196,$41’270,$5’560,$50’070
2024,45,CVS Health,United States,45.27399055,Healthcare and Pharmaceuticals,65,$331’170,$3’970,$239’330
2024,46,Hitachi,Japan,45.24348553,Manufacturing,141,$80’290,$4’790,$93’930
2024,47,Wells Fargo,United States,44.85050912,Financial Services,17,$108’930,$14’500,$1’886’400
2024,48,Tesla,United States,44.43301295,Automotive,69,$86’030,$11’790,$86’830
2024,49,Zurich Insurance Group,Switzerland,44.28834406,Financial Services,106,$41’890,$4’610,$352’120
2024,50,Bank of America,United States,44.20507805,Financial Services,6,$133’840,$28’620,$3’194’660
2024,51,HSBC Holdings,United Kingdom,43.97857088,Financial Services,20,$73’980,$22’190,$2’989’700
2024,52,Bank of Montreal,Canada,43.43322533,Financial Services,84,$37’560,$8’290,$858’630
2024,53,Morgan Stanley,United States,43.21475366,Financial Services,30,$74’160,$10’340,$1’199’900
2024,54,Bristol Myers Squibb,United States,43.12011978,Healthcare and Pharmaceuticals,111,$45’850,$7’310,$94’280
2024,55,Sanofi,France,42.66742679,Healthcare and Pharmaceuticals,89,$45’190,$8’800,$135’240
2024,56,Broadcom,United States,42.61415791,Technology Products and Services,134,$34’410,$12’800,$72’980
2024,57,China Everbright Bank,China,42.56566939,Financial Services,191,$41’480,$6’650,$974’220
2024,58,BBVA-Banco Bilbao Vizcaya,Spain,42.55551038,Financial Services,103,$51’940,$6’720,$803’500
2024,59,UnitedHealth Group,United States,42.19323527,Healthcare and Pharmaceuticals,15,$335’940,$20’700,$283’680
2024,60,Royal Bank of Canada,Canada,42.13671289,Financial Services,38,$60’220,$11’400,$1’448’660
2024,61,Novartis,Switzerland,41.49498661,Healthcare and Pharmaceuticals,94,$50’950,$7’000,$112’240
2024,62,HCA Healthcare,United States,41.42115508,Healthcare and Pharmaceuticals,184,$60’880,$5’730,$52’710
2024,63,Stellantis,Netherlands,41.22955359,Automotive,61,$188’750,$17’660,$198’680
2024,64,DBS,Singapore,40.53067645,Financial Services,190,$16’110,$5’940,$554’450
2024,65,AXA Group,France,40.48997965,Financial Services,48,$110’920,$6’830,$701’250
2024,66,Postal Savings Bank Of China (PSBC),China,40.44187846,Financial Services,27,$82’510,$12’780,$2’023’570
2024,67,Amgen,United States,40.3067497,Healthcare and Pharmaceuticals,157,$25’930,$7’920,$88’720
2024,68,Honeywell International,United States,40.2974004,Manufacturing,186,$35’940,$5’230,$59’880
2024,69,BYD,China,40.27753029,Automotive,170,$68’060,$2’890,$79’610
2024,70,Ford Motor,United States,39.92999881,Automotive,124,$165’060,$2’890,$256’800
2024,71,BHP Group Ltd,Australia,39.65732715,Mining,90,$59’950,$19’510,$87’820
2024,72,Canadian Imperial Bank,Canada,39.5398842,Financial Services,183,$28’830,$3’650,$690’970
2024,73,Shell,United Kingdom,38.30996617,Energy and Utilities,11,$365’890,$43’510,$429’150
2024,74,Itochu,Japan,37.99170976,Manufacturing,125,$104’490,$6’260,$103’070
2024,75,The Home Depot,United States,37.44508924,Consumer Goods and Retail,67,$157’400,$17’110,$76’440
2024,76,Mitsubishi,Japan,37.37451985,Manufacturing,75,$161’020,$9’490,$171’080
2024,77,Honda Motor,Japan,37.0121212,Automotive,109,$124’680,$5’380,$182’970
2024,78,Saudi Arabian Oil Company (Saudi Aramco),Saudi Arabia,36.7472838,Energy and Utilities,2,$589’470,$156’360,$660’990
2024,79,Pfizer,United States,36.36403054,Healthcare and Pharmaceuticals,39,$92’950,$29’040,$197’210
2024,80,China Construction Bank,China,36.22257226,Financial Services,4,$203’080,$48’250,$4’977’480
2024,81,China Merchants Bank,China,36.0388877,Financial Services,26,$72’440,$20’560,$1’458’480
2024,82,China Mobile,Hong Kong,35.66207291,Telecommunications,25,$140’530,$18’760,$290’000
2024,83,Industrial and Commercial Bank of China,China,35.47869186,Financial Services,3,$216’770,$52’470,$6’116’820
2024,84,Deere & Company,United States,35.43745088,Manufacturing,107,$55’630,$8’190,$91’620
2024,85,Mercedes-Benz Group,Germany,35.16981035,Automotive,42,$158’780,$15’550,$286’000
2024,86,TD Bank Group,Canada,35.12488228,Financial Services,43,$56’720,$11’680,$1’445’110
2024,87,Bank of China,China,35.03591726,Financial Services,12,$158’230,$33’230,$4’421’760
2024,88,Enel,Italy,34.6169468,Energy and Utilities,178,$132’190,$1’340,$229’910
2024,89,Thermo Fisher Scientific,United States,34.56057596,Healthcare and Pharmaceuticals,118,$43’810,$6’020,$94’660
2024,90,BMW Group,Germany,34.32224334,Automotive,46,$154’250,$11’670,$268’980
2024,91,Citigroup,United States,34.25549262,Financial Services,24,$120’420,$15’020,$2’455’110
2024,92,Mitsubishi UFJ Financial,Japan,34.08540114,Financial Services,91,$60’220,$3’070,$2’966’290
2024,93,China Citic Bank,China,33.98683001,Financial Services,133,$55’180,$9’330,$1’278’630
2024,94,GSK,United Kingdom,33.8210803,Healthcare and Pharmaceuticals,187,$35’000,$5’350,$72’450
2024,95,Westpac Banking Group,Australia,32.54761005,Financial Services,197,$18’710,$4’050,$653’080
2024,96,ICICI Bank,India,32.44213778,Financial Services,163,$23’170,$4’240,$238’310
2024,97,MetLife,United States,32.30457069,Financial Services,168,$69’530,$1’950,$674’270
2024,98,McKesson,United States,32.19421566,Healthcare and Pharmaceuticals,189,$273’900,$3’140,$62’690
2024,99,NAB - National Australia Bank,Australia,31.93741985,Financial Services,140,$26’270,$4’990,$702’090
2024,100,Banco do Brasil,Brazil,31.91945896,Financial Services,171,$53’980,$5’760,$380’270
2024,101,Merck & Co.,United States,31.90382511,Healthcare and Pharmaceuticals,73,$57’090,$13’030,$107’800
2024,102,Mizuho Financial,Japan,31.85059407,Financial Services,153,$32’030,$4’520,$1’908’300
2024,103,PNC Financial Services,United States,31.84726176,Financial Services,149,$26’180,$6’280,$561’780
2024,104,Ping An Insurance Group,China,31.50999903,Financial Services,16,$166’370,$12’640,$1’598’490
2024,105,Johnson & Johnson,United States,31.32528698,Healthcare and Pharmaceuticals,40,$96’310,$12’720,$195’970
2024,106,Unilever,United Kingdom,31.28939089,Consumer Goods and Retail,105,$63’110,$8’050,$83’050
2024,107,Tokio Marine Holdings,Japan,30.86189988,Financial Services,193,$48’670,$2’420,$216’930
2024,108,Banco Bradesco,Brazil,30.75546145,Financial Services,173,$56’260,$3’490,$357’450
2024,109,Itaú Unibanco Holding,Brazil,30.66357738,Financial Services,98,$53’170,$5’750,$441’400
2024,110,Danaher,United States,30.05581102,Healthcare and Pharmaceuticals,145,$30’950,$6’930,$85’040
2024,111,Capital One,United States,29.65188802,Financial Services,148,$41’330,$5’840,$471’660
2024,112,Roche Holding,Switzerland,29.56265344,Healthcare and Pharmaceuticals,76,$66’260,$13’010,$95’280
2024,113,Walt Disney,United States,29.31110765,Media and Entertainment,87,$84’070,$3’320,$202’120
2024,114,Elevance Health,United States,29.24177985,Healthcare and Pharmaceuticals,78,$160’670,$6’210,$109’040
2024,115,Commonwealth Bank,Australia,28.74264694,Financial Services,100,$25’330,$6’960,$835’780
2024,116,Verizon Communications,United States,28.59244911,Telecommunications,22,$136’190,$21’590,$377’720
2024,117,Sumitomo Mitsui Financial,Japan,28.19934131,Financial Services,86,$41’540,$6’450,$2’005’650
2024,118,Coca-Cola,United States,27.21782704,Consumer Goods and Retail,96,$43’310,$9’870,$97’400
2024,119,Bank of Nova Scotia,Canada,27.08965932,Financial Services,88,$40’240,$6’880,$1’030’040
2024,120,Equinor,Norway,27.02301328,Energy and Utilities,52,$141’920,$28’980,$152’490
2024,121,Agricultural Bank of China,China,27.02292842,Financial Services,5,$186’140,$37’920,$5’356’860
2024,122,Bank of Communications,China,26.84649847,Financial Services,53,$78’290,$12’900,$1’868’960
2024,123,Charter Communications,United States,26.83382156,Media and Entertainment,138,$54’480,$4’870,$144’870
2024,124,AIRBUS,France,26.42876833,Manufacturing,127,$60’870,$3’630,$128’270
2024,125,Møller-Maersk,Denmark,26.02206429,Transportation,174,$76’610,$24’830,$85’490
2024,126,ING Group,Netherlands,25.73682938,Financial Services,200,$19’510,$3’860,$1’032’900
2024,127,Nestlé,Switzerland,25.61238699,Consumer Goods and Retail,50,$98’870,$9’710,$146’110
2024,128,CITIC,Hong Kong,25.54694842,Financial Services,71,$98’480,$9’640,$1’511’120
2024,129,American Express,United States,24.81586088,Financial Services,63,$59’290,$7’180,$235’840
2024,130,Raytheon Technologies,United States,24.50293081,Manufacturing,79,$68’570,$5’540,$161’640
2024,131,Petrobras,Brazil,24.35545191,Energy and Utilities,58,$124’170,$36’470,$184’990
2024,132,United Parcel Service,United States,24.00611589,Transportation,95,$98’550,$10’780,$72’190
2024,133,LVMH Moët Hennessy Louis Vuitton,France,23.8822189,Consumer Goods and Retail,47,$83’220,$14’800,$143’700
2024,134,China Pacific Insurance,China,23.49909237,Financial Services,156,$68’070,$4’160,$300’520
2024,135,HDFC Bank,India,23.33705542,Financial Services,128,$25’470,$5’720,$307’900
2024,136,Duke Energy,United States,23.23899859,Energy and Utilities,185,$29’140,$2’670,$183’340
2024,137,Eni,Italy,23.04836786,Energy and Utilities,81,$132’380,$13’120,$154’130
2024,138,UniCredit,Italy,23.0318587,Financial Services,176,$21’030,$6’790,$915’460
2024,139,Cigna,United States,22.83602647,Healthcare and Pharmaceuticals,68,$182’800,$6’750,$142’690
2024,140,Chubb,Switzerland,22.77613266,Financial Services,112,$44’700,$5’230,$179’830
2024,141,Generali Group,Italy,22.49318348,Financial Services,152,$91’780,$3’060,$552’890
2024,142,Truist Financial,United States,22.40557369,Financial Services,155,$28’000,$6’360,$574’350
2024,143,Taiwan Semiconductor,Taiwan,22.15832827,Technology Products and Services,44,$75’030,$33’570,$165’720
2024,144,América Móvil,Mexico,22.05465426,Telecommunications,177,$43’570,$3’840,$88’240
2024,145,BNP Paribas,France,21.93648647,Financial Services,33,$99’470,$10’110,$2’845’690
2024,146,China Telecom,China,21.86050345,Telecommunications,146,$70’290,$4’100,$119’860
2024,147,L'Oréal,France,21.84207569,Consumer Goods and Retail,182,$40’210,$6’000,$49’990
2024,148,British American Tobacco,United Kingdom,21.70565939,Consumer Goods and Retail,110,$34’060,$8’150,$184’700
2024,149,Shanghai Pudong Development,China,21.39460509,Financial Services,115,$56’250,$7’630,$1’289’670
2024,150,ANZ,Australia,21.09496522,Financial Services,144,$28’270,$4’880,$744’230
2024,151,Allianz,Germany,20.67857976,Financial Services,37,$134’260,$7’080,$1’139’490
2024,152,Anheuser-Busch InBev,Belgium,20.39546311,Consumer Goods and Retail,72,$57’830,$6’060,$214’820
2024,153,Rio Tinto,United Kingdom,19.81090228,Mining,101,$55’340,$12’150,$96’740
2024,154,Chevron,United States,19.54295886,Energy and Utilities,18,$232’120,$35’780,$255’890
2024,155,US Bancorp,United States,19.26228132,Financial Services,132,$31’420,$5’950,$682’380
2024,156,Procter & Gamble,United States,19.24824032,Consumer Goods and Retail,55,$80’970,$14’320,$119’850
2024,157,Oversea-Chinese Banking,Singapore,18.35195419,Financial Services,181,$25’390,$4’170,$417’500
2024,158,VINCI,France,17.82650983,Manufacturing,130,$65’440,$4’480,$119’520
2024,159,AbbVie,United States,17.82471095,Healthcare and Pharmaceuticals,74,$56’740,$7’540,$134’540
2024,160,PepsiCo,United States,17.72006737,Consumer Goods and Retail,82,$88’050,$6’580,$93’040
2024,161,Midea Group,China,17.69584927,Consumer Goods and Retail,199,$52’990,$4’420,$64’190
2024,162,American International Group,United States,17.40263135,Financial Services,123,$51’420,$6’050,$463’770
2024,163,Industrial Bank,China,17.3046723,Financial Services,60,$59’080,$12’970,$1’430’040
2024,164,Charles Schwab,United States,16.42464557,Financial Services,120,$23’860,$7’380,$535’600
2024,165,Iberdrola,Spain,16.2946471,Energy and Utilities,102,$59’550,$4’890,$165’070
2024,166,Lowe's,United States,14.84571797,Consumer Goods and Retail,161,$97’060,$6’410,$45’270
2024,167,Glencore International,Switzerland,14.55117314,Mining,59,$254’930,$16’980,$132’580
2024,168,Abbott Laboratories,United States,14.54356699,Healthcare and Pharmaceuticals,142,$41’510,$5’780,$73’790
2024,169,Occidental Petroleum,United States,13.8537546,Energy and Utilities,169,$36’250,$13’220,$74’760
2024,170,Brookfield Corporation,Canada,13.82581755,Financial Services,150,$94’470,$2’000,$441’280
2024,171,Enbridge,Canada,13.73405452,Energy and Utilities,195,$37’690,$2’110,$130’840
2024,172,Credit Agricole,France,13.20956,Financial Services,129,$51’300,$5’280,$2’313’390
2024,173,Linde,United Kingdom,13.11028902,Energy and Utilities,162,$33’350,$4’490,$80’310
2024,174,State Bank of India,India,12.86427913,Financial Services,77,$56’540,$5’990,$695’200
2024,175,ExxonMobil,United States,12.49589834,Energy and Utilities,8,$393’160,$61’690,$369’370
2024,176,Vale,Brazil,11.88044494,Mining,139,$41’430,$15’980,$87’720
2024,177,Sinopec,China,11.7786854,Energy and Utilities,32,$453’560,$9’850,$283’300
2024,178,BP,United Kingdom,11.72158362,Energy and Utilities,28,$248’110,$25’890,$278’660
2024,179,CNOOC,Hong Kong,11.58483739,Energy and Utilities,85,$59’080,$21’090,$133’640
2024,180,Philip Morris International,United States,11.20139786,Consumer Goods and Retail,166,$31’810,$8’690,$62’060
2024,181,ConocoPhillips,United States,10.87596124,Energy and Utilities,83,$75’200,$15’840,$91’440
2024,182,Southern Company,United States,10.75076802,Energy and Utilities,179,$29’120,$3’360,$134’760
2024,183,Phillips 66,United States,10.37845505,Energy and Utilities,136,$167’870,$12’390,$77’260
2024,184,Union Pacific,United States,9.813617149,Transportation,194,$25’070,$7’000,$65’970
2024,185,Marathon Petroleum,United States,9.718348383,Energy and Utilities,117,$174’050,$16’390,$87’040
2024,186,Mondelez International,United States,9.595141444,Consumer Goods and Retail,192,$32’900,$3’940,$72’790
2024,187,Caterpillar,United States,9.44819222,Manufacturing,119,$61’700,$7’110,$83’650
2024,188,TotalEnergies,France,9.075099032,Energy and Utilities,21,$257’590,$21’120,$293’030
2024,189,China Life Insurance,China,9.007625097,Financial Services,62,$124’430,$4’870,$754’950
2024,190,Costco Wholesale,United States,8.65401464,Consumer Goods and Retail,99,$234’390,$6’050,$66’850
2024,191,PICC,China,8.614094788,Financial Services,151,$93’380,$3’480,$216’230
2024,192,China Shenhua Energy,China,7.425233282,Energy and Utilities,131,$51’980,$8’000,$94’220
2024,193,PetroChina,Germany,6.043039978,Energy and Utilities,19,$457’400,$22’180,$384’580
2024,194,Munich Re,Germany,5.998763858,Financial Services,114,$79’520,$3’610,$324’750
2024,195,Japan Post Holdings,Japan,5.514068558,Financial Services,143,$83’790,$3’610,$2’228’090
2024,196,China Railway Group,China,5.109871783,Manufacturing,198,$171’530,$4’370,$232’030
2024,197,Deutsche Post,Germany,4.638084066,Transportation,154,$96’470,$5’120,$73’180
2024,198,Valero Energy,United States,2.885932164,Energy and Utilities,165,$174’430,$13’640,$60’180
2024,199,NextEra Energy,United States,1.088110067,Energy and Utilities,135,$24’270,$6’680,$165’360
2024,200,China State Construction Engineering,China,1.0,Manufacturing,66,$303’780,$7’700,$394’940
2025,1,NVIDIA,United States,100.0,Technology Products and Services,0,0,0,0
2025,2,Microsoft,United States,90.70893962,Technology Products and Services,0,0,0,0
2025,3,Alphabet,United States,88.54615212,Technology Products and Services,0,0,0,0
2025,4,Meta Platforms,United States,80.6274252,Technology Products and Services,0,0,0,0
2025,5,Amazon,United States,79.81242291,Technology Products and Services,0,0,0,0
2025,6,SAP,Germany,77.0935031,Technology Products and Services,0,0,0,0
2025,7,IBM,United States,76.77760122,Technology Products and Services,0,0,0,0
2025,8,Tencent Holdings,China,75.92169468,Technology Products and Services,0,0,0,0
2025,9,Sony,Japan,75.28983384,Technology Products and Services,0,0,0,0
2025,10,Mastercard,United States,74.0745807,Financial Services,0,0,0,0
2025,11,Alibaba Group,China,73.4953559,Technology Products and Services,0,0,0,0
2025,12,Intel,United States,73.13752217,Technology Products and Services,0,0,0,0
2025,13,Cisco Systems,United States,72.36036987,Technology Products and Services,0,0,0,0
2025,14,Oracle,United States,70.36619467,Technology Products and Services,0,0,0,0
2025,15,Accenture,Ireland,70.10629709,Professional Services,0,0,0,0
2025,16,Salesforce,United States,69.72148881,Technology Products and Services,0,0,0,0
2025,17,Deutsche Telekom,Germany,69.55267669,Telecommunications,0,0,0,0
2025,18,Samsung Electronics,South Korea,67.56095347,Technology Products and Services,0,0,0,0
2025,19,KKR,United States,67.49508706,Financial Services,0,0,0,0
2025,20,Qualcomm,United States,65.1345576,Technology Products and Services,0,0,0,0
2025,21,BlackRock,United States,63.34818915,Financial Services,0,0,0,0
2025,22,KDDI,Japan,63.34748411,Telecommunications,0,0,0,0
2025,23,AstraZeneca,United Kingdom,63.16866715,Pharmaceuticals,0,0,0,0
2025,24,UBS,Switzerland,63.04932263,Financial Services,0,0,0,0
2025,25,Volkswagen Group,Germany,61.69742131,Automotive,0,0,0,0
2025,26,Mercedes-Benz Group,Germany,61.62358813,Automotive,0,0,0,0
2025,27,Goldman Sachs Group,United States,60.38196559,Financial Services,0,0,0,0
2025,28,Siemens,Germany,59.49967252,Manufacturing,0,0,0,0
2025,29,Visa,United States,58.5955058,Financial Services,0,0,0,0
2025,30,Macquarie Group,Australia,58.33225709,Financial Services,0,0,0,0
2025,31,HSBC Holdings,United Kingdom,58.33031892,Financial Services,0,0,0,0
2025,32,Apple,United States,57.92813561,Technology Products and Services,0,0,0,0
2025,33,Dell Technologies,United States,57.68373768,Technology Products and Services,0,0,0,0
2025,34,GE Aerospace,United States,56.9808867,Manufacturing,0,0,0,0
2025,35,Hitachi,Japan,56.77342248,Manufacturing,0,0,0,0
2025,36,Morgan Stanley,United States,56.63052306,Financial Services,0,0,0,0
2025,37,Nippon Telegraph & Tel,Japan,56.47463588,Telecommunications,0,0,0,0
2025,38,Ping An Insurance Group,China,55.99220545,Insurance,0,0,0,0
2025,39,Citigroup,United States,55.80187364,Financial Services,0,0,0,0
2025,40,JPMorgan Chase,United States,55.33202562,Financial Services,0,0,0,0
2025,41,Apollo Global Management,United States,55.22688199,Financial Services,0,0,0,0
2025,42,Bank of New York Mellon,United States,55.20107206,Financial Services,0,0,0,0
2025,43,Barclays,United Kingdom,55.12152998,Financial Services,0,0,0,0
2025,44,BNP Paribas,France,55.10760027,Financial Services,0,0,0,0
2025,45,Hon Hai Precision,Taiwan,55.0187584,Technology Products and Services,0,0,0,0
2025,46,Reliance Industries,India,54.68749959,Diversified,0,0,0,0
2025,47,FedEx,United States,54.37118667,Transportation and Logistics,0,0,0,0
2025,48,Merck & Co.,United States,53.96446194,Pharmaceuticals,0,0,0,0
2025,49,Commonwealth Bank,Australia,53.89069441,Financial Services,0,0,0,0
2025,50,Eli Lilly,United States,53.57687057,Pharmaceuticals,0,0,0,0
2025,51,Deutsche Bank,Germany,52.77994551,Financial Services,0,0,0,0
2025,52,Zurich Insurance Group,Switzerland,52.72665294,Insurance,0,0,0,0
2025,53,Schneider Electric,France,52.62061016,Manufacturing,0,0,0,0
2025,54,Canadian Imperial Bank,Canada,52.17109438,Financial Services,0,0,0,0
2025,55,Intesa Sanpaolo Assicura,Italy,52.10774845,Financial Services,0,0,0,0
2025,56,Sumitomo,Japan,52.09115553,Diversified,0,0,0,0
2025,57,Novartis,Switzerland,52.02613404,Pharmaceuticals,0,0,0,0
2025,58,Sanofi,France,51.66161804,Pharmaceuticals,0,0,0,0
2025,59,BYD,China,51.41953507,Automotive,0,0,0,0
2025,60,Equinor,Norway,51.31146848,Energy and Utilities,0,0,0,0
2025,61,Mitsui,Japan,51.02423669,Diversified,0,0,0,0
2025,62,AT&T,United States,50.94908761,Telecommunications,0,0,0,0
2025,63,Marubeni,Japan,50.79761342,Diversified,0,0,0,0
2025,64,Walmart,United States,50.70900276,Consumer Goods and Retail,0,0,0,0
2025,65,UniCredit,Italy,50.54499753,Financial Services,0,0,0,0
2025,66,Industrial Bank,China,50.1622987,Financial Services,0,0,0,0
2025,67,ABB,Switzerland,49.83839865,Manufacturing,0,0,0,0
2025,68,Medtronic,Ireland,49.76825628,Healthcare,0,0,0,0
2025,69,Novo Nordisk,Denmark,49.74478414,Pharmaceuticals,0,0,0,0
2025,70,Mitsubishi,Japan,49.63502201,Diversified,0,0,0,0
2025,71,Honda Motor,Japan,49.56372644,Automotive,0,0,0,0
2025,72,Lloyds Banking Group,United Kingdom,49.55271398,Financial Services,0,0,0,0
2025,73,International Holding Company,United Arab Emirates,49.54149314,Diversified,0,0,0,0
2025,74,Denso,Japan,49.43562162,Automotive,0,0,0,0
2025,75,Contemporary Amperex Technology,China,49.26991515,Manufacturing,0,0,0,0
2025,76,Tokio Marine Holdings,Japan,49.16376389,Insurance,0,0,0,0
2025,77,Axis Bank,India,49.14714529,Financial Services,0,0,0,0
2025,78,JD.com,China,48.98565484,Technology Products and Services,0,0,0,0
2025,79,Ford Motor,United States,48.88248648,Automotive,0,0,0,0
2025,80,Stellantis,Netherlands,48.79798623,Automotive,0,0,0,0
2025,81,RBC,Canada,48.65459298,Financial Services,0,0,0,0
2025,82,AXA Group,France,48.35228114,Insurance,0,0,0,0
2025,83,KIA,South Korea,47.59392253,Automotive,0,0,0,0
2025,84,CVS Health,United States,47.42471365,Healthcare,0,0,0,0
2025,85,Taiwan Semiconductor,Taiwan,47.14041909,Technology Products and Services,0,0,0,0
2025,86,UnitedHealth Group,United States,46.98505999,Healthcare,0,0,0,0
2025,87,Bank of America,United States,46.80475015,Financial Services,0,0,0,0
2025,88,General Motors,United States,46.7877776,Automotive,0,0,0,0
2025,89,DBS,Singapore,46.67118477,Financial Services,0,0,0,0
2025,90,GSK,United Kingdom,46.44590023,Pharmaceuticals,0,0,0,0
2025,91,Mitsubishi UFJ Financial,Japan,46.27016322,Financial Services,0,0,0,0
2025,92,Santander,Spain,46.23692316,Financial Services,0,0,0,0
2025,93,Sun Life Financial,Canada,46.1049734,Financial Services,0,0,0,0
2025,94,John Deere,United States,46.04362844,Construction,0,0,0,0
2025,95,Mizuho Financial,Japan,45.65552613,Financial Services,0,0,0,0
2025,96,Humana,United States,45.62778374,Insurance,0,0,0,0
2025,97,NatWest Group,United Kingdom,45.58113918,Financial Services,0,0,0,0
2025,98,McKesson,United States,45.54800474,Healthcare,0,0,0,0
2025,99,SAIC Motor,China,45.44784498,Automotive,0,0,0,0
2025,100,Bank of Communications,China,45.34474228,Financial Services,0,0,0,0
2025,101,Roche Holding,Switzerland,45.17314993,Pharmaceuticals,0,0,0,0
2025,102,Verizon Communications,United States,44.93467498,Telecommunications,0,0,0,0
2025,103,Shanghai Pudong Development,China,44.72810707,Financial Services,0,0,0,0
2025,104,China Construction Bank,China,44.67027308,Financial Services,0,0,0,0
2025,105,BMW Group,Germany,44.51656385,Automotive,0,0,0,0
2025,106,Cigna,United States,44.31896461,Healthcare,0,0,0,0
2025,107,Standard Chartered,United Kingdom,44.23408472,Financial Services,0,0,0,0
2025,108,Thermo Fisher Scientific,United States,44.03867484,Healthcare,0,0,0,0
2025,109,Kroger,United States,43.63247247,Consumer Goods and Retail,0,0,0,0
2025,110,Bank of Montreal,Canada,43.36476797,Financial Services,0,0,0,0
2025,111,ENGIE,France,43.33208453,Energy and Utilities,0,0,0,0
2025,112,NextEra Energy,United States,42.98417286,Energy and Utilities,0,0,0,0
2025,113,Comcast,United States,42.97255811,Media & Advertising,0,0,0,0
2025,114,MS&AD Insurance,Japan,42.96783685,Insurance,0,0,0,0
2025,115,ICBC,China,42.85896245,Financial Services,0,0,0,0
2025,116,PayPal,United States,42.76465145,Financial Services,0,0,0,0
2025,117,SEB AB,Sweden,42.69225977,Financial Services,0,0,0,0
2025,118,First Abu Dhabi Bank,United Arab Emirates,42.46295617,Financial Services,0,0,0,0
2025,119,Fiserv,United States,42.4316029,Financial Services,0,0,0,0
2025,120,China Telecom,China,42.41456755,Telecommunications,0,0,0,0
2025,121,ING Group,Netherlands,42.29986437,Financial Services,0,0,0,0
2025,122,Honeywell International,United States,42.14499053,Manufacturing,0,0,0,0
2025,123,Walt Disney,United States,41.82106765,Media & Advertising,0,0,0,0
2025,124,EssilorLuxottica,France,41.62909453,Consumer Goods and Retail,0,0,0,0
2025,125,Charter Communications,United States,41.42617746,Telecommunications,0,0,0,0
2025,126,BBVA-Banco Bilbao Vizcaya,Spain,41.2906368,Financial Services,0,0,0,0
2025,127,Westpac Banking Group,Australia,41.26812091,Financial Services,0,0,0,0
2025,128,VINCI,France,41.26283161,Manufacturing,0,0,0,0
2025,129,SLB,France,41.1660401,Energy and Utilities,0,0,0,0
2025,130,China Merchants Bank,China,41.15336064,Financial Services,0,0,0,0
2025,131,Dai-ichi Life Insurance,Japan,40.70102181,Insurance,0,0,0,0
2025,132,Johnson & Johnson,United States,40.31592809,Pharmaceuticals,0,0,0,0
2025,133,CaixaBank,Spain,40.28151485,Financial Services,0,0,0,0
2025,134,Volvo Group,Sweden,40.22680648,Automotive,0,0,0,0
2025,135,Saudi Arabian Oil Company (Saudi Aramco),Saudi Arabia,40.16621509,Energy and Utilities,0,0,0,0
2025,136,Travelers,United States,40.13201879,Insurance,0,0,0,0
2025,137,Netflix,United States,40.03792758,Media & Advertising,0,0,0,0
2025,138,Wells Fargo,United States,39.78872562,Financial Services,0,0,0,0
2025,139,Hyundai Motor,South Korea,39.6834621,Automotive,0,0,0,0
2025,140,AIA Group,Hong Kong,39.54193852,Financial Services,0,0,0,0
2025,141,Automatic Data Processing,United States,39.4459491,Technology Products and Services,0,0,0,0
2025,142,BHP Group,Australia,39.26841094,Mining,0,0,0,0
2025,143,NAB - National Australia Bank,Australia,39.16202277,Financial Services,0,0,0,0
2025,144,Tesla,United States,39.15863168,Automotive,0,0,0,0
2025,145,MetLife,United States,39.13400349,Insurance,0,0,0,0
2025,146,Lockheed Martin,United States,39.02417,Manufacturing,0,0,0,0
2025,147,Manulife,Canada,38.99534292,Financial Services,0,0,0,0
2025,148,Petrobras,Brazil,38.72206939,Energy and Utilities,0,0,0,0
2025,149,Swiss Re,Switzerland,38.61231297,Insurance,0,0,0,0
2025,150,RTX,United States,38.54492514,Manufacturing,0,0,0,0
2025,151,Itochu,Japan,38.52662526,Diversified,0,0,0,0
2025,152,Rio Tinto,United Kingdom,38.31136841,Mining,0,0,0,0
2025,153,Capital One,United States,37.9657717,Financial Services,0,0,0,0
2025,154,PTT,Thailand,37.88198791,Energy and Utilities,0,0,0,0
2025,155,Cencora,United States,37.84296473,Healthcare,0,0,0,0
2025,156,ASML Holding,Netherlands,37.83401033,Technology Products and Services,0,0,0,0
2025,157,Allianz,Germany,37.64729225,Insurance,0,0,0,0
2025,158,Toyota Motor,Japan,37.54759491,Automotive,0,0,0,0
2025,159,Société Générale,France,37.20984223,Financial Services,0,0,0,0
2025,160,TD Bank Group,Canada,37.13559515,Financial Services,0,0,0,0
2025,161,China Mobile,China,37.03582074,Telecommunications,0,0,0,0
2025,162,Munich Re,Germany,37.02737157,Insurance,0,0,0,0
2025,163,National Grid,United Kingdom,36.67016582,Energy and Utilities,0,0,0,0
2025,164,Allstate,United States,36.56690898,Insurance,0,0,0,0
2025,165,Procter & Gamble,United States,36.37125648,Consumer Goods and Retail,0,0,0,0
2025,166,Banorte,Mexico,36.29815689,Financial Services,0,0,0,0
2025,167,Banco do Brasil,Brazil,35.65101904,Financial Services,0,0,0,0
2025,168,United Overseas Bank,Singapore,35.63978107,Financial Services,0,0,0,0
2025,169,Chevron,United States,35.49783788,Energy and Utilities,0,0,0,0
2025,170,Oversea-Chinese Banking,Singapore,35.26315936,Financial Services,0,0,0,0
2025,171,Bank of China,China,34.87897906,Financial Services,0,0,0,0
2025,172,Midea Group,China,34.79959683,Manufacturing,0,0,0,0
2025,173,Broadcom,United States,34.75798467,Technology Products and Services,0,0,0,0
2025,174,Progressive,United States,34.69862355,Insurance,0,0,0,0
2025,175,McDonald's,,34.66697627,Hospitality/Travel,0,0,0,0
2025,176,KB Financial Group,South Korea,34.60705568,Financial Services,0,0,0,0
2025,177,CITIC,China,34.21758609,Diversified,0,0,0,0
2025,178,Lowe's,United States,34.10731872,Consumer Goods and Retail,0,0,0,0
2025,179,Daimler Truck Holding,Germany,34.08349834,Automotive,0,0,0,0
2025,180,Centene,United States,33.78152332,Insurance,0,0,0,0
2025,181,American Express,United States,33.71252558,Financial Services,0,0,0,0
2025,182,Safran,France,33.64401024,Manufacturing,0,0,0,0
2025,183,HDFC Bank,India,33.6336857,Financial Services,0,0,0,0
2025,184,Target,United States,33.61018217,Consumer Goods and Retail,0,0,0,0
2025,185,Saint-Gobain,France,33.59760261,Manufacturing,0,0,0,0
2025,186,Amgen,United States,33.56249289,Pharmaceuticals,0,0,0,0
2025,187,E.ON,Germany,33.49265594,Energy and Utilities,0,0,0,0
2025,188,Unilever,United Kingdom,33.48326765,Consumer Goods and Retail,0,0,0,0
2025,189,Zijin Mining Group,China,33.44534059,Mining,0,0,0,0
2025,190,ANZ Group Holdings,Australia,33.40246105,Financial Services,0,0,0,0
2025,191,China Life Insurance,China,33.38043613,Insurance,0,0,0,0
2025,192,Paccar,United States,33.28475499,Automotive,0,0,0,0
2025,193,Erste Group Bank,Austria,33.17316602,Financial Services,0,0,0,0
2025,194,HCA Healthcare,United States,33.00054892,Healthcare,0,0,0,0
2025,195,American International Group,United States,32.89582489,Financial Services,0,0,0,0
2025,196,Emirates NBD,United Arab Emirates,32.81300876,Financial Services,0,0,0,0
2025,197,Agricultural Bank of China,China,32.72740098,Financial Services,0,0,0,0
2025,198,Prudential Financial,United States,32.48431895,Insurance,0,0,0,0
2025,199,Charles Schwab,United States,32.36084691,Financial Services,0,0,0,0
2025,200,The Home Depot,United States,32.13396102,Consumer Goods and Retail,0,0,0,0
2025,201,Japan Post Holdings,Japan,32.04635513,Transportation and Logistics,0,0,0,0
2025,202,Nordea Bank,Finland,31.99206065,Financial Services,0,0,0,0
2025,203,Banco Bradesco,Brazil,31.93839416,Financial Services,0,0,0,0
2025,204,Deutsche Post,Germany,31.93253968,Transportation and Logistics,0,0,0,0
2025,205,Tata Motors,India,31.87015855,Automotive,0,0,0,0
2025,206,Applied Materials,United States,31.7913358,Manufacturing,0,0,0,0
2025,207,Shell Plc,United Kingdom,31.52709945,Energy and Utilities,0,0,0,0
2025,208,Qatar National Bank,Qatar,31.42602626,Financial Services,0,0,0,0
2025,209,PG&E,United States,31.33322527,Energy and Utilities,0,0,0,0
2025,210,L'Oréal,France,31.26413047,Consumer Goods and Retail,0,0,0,0
2025,211,China State Construction Engineering,China,31.23735574,Construction,0,0,0,0
2025,212,Itaú Unibanco Holding,Brazil,31.1117714,Financial Services,0,0,0,0
2025,213,Archer Daniels Midland,United States,30.939474,Diversified,0,0,0,0
2025,214,PDD Holdings,Ireland,30.81604763,Financial Services,0,0,0,0
2025,215,Indian Oil,India,30.77578562,Energy and Utilities,0,0,0,0
2025,216,Nike,United States,30.69449091,Consumer Goods and Retail,0,0,0,0
2025,217,China Resources Land,China,30.33165904,Construction,0,0,0,0
2025,218,China Pacific Insurance,China,30.30234099,Insurance,0,0,0,0
2025,219,ExxonMobil,United States,30.21206904,Energy and Utilities,0,0,0,0
2025,220,United Parcel Service,United States,29.9237126,Transportation and Logistics,0,0,0,0
2025,221,KBC Group,Belgium,29.74780432,Financial Services,0,0,0,0
2025,222,Holcim,Switzerland,29.63498793,Construction,0,0,0,0
2025,223,Mondelez International,United States,29.62077278,Consumer Goods and Retail,0,0,0,0
2025,224,Sumitomo Mitsui Financial,Japan,29.58101316,Financial Services,0,0,0,0
2025,225,PepsiCo,United States,29.23052107,Consumer Goods and Retail,0,0,0,0
2025,226,US Bancorp,United States,29.19145222,Financial Services,0,0,0,0
2025,227,Bank of Nova Scotia,Canada,29.12964484,Financial Services,0,0,0,0
2025,228,Air Liquide,France,29.10365793,Energy and Utilities,0,0,0,0
2025,229,Glencore International,Switzerland,29.05945679,Mining,0,0,0,0
2025,230,Abbott Laboratories,United States,29.0435204,Healthcare,0,0,0,0
2025,231,Iberdrola,Spain,29.02027091,Energy and Utilities,0,0,0,0
2025,232,CNOOC,Hong Kong,28.65504416,Energy and Utilities,0,0,0,0
2025,233,Generali Group,Italy,28.61307805,Insurance,0,0,0,0
2025,234,AIRBUS,France,28.46689029,Manufacturing,0,0,0,0
2025,235,Nestlé,Switzerland,28.424516,Consumer Goods and Retail,0,0,0,0
2025,236,Bank Of Jiangsu,China,28.36816346,Financial Services,0,0,0,0
2025,237,Danaher,United States,28.33720411,Diversified,0,0,0,0
2025,238,Marsh McLennan,United States,28.26311974,Professional Services,0,0,0,0
2025,239,Linde,United Kingdom,28.25736802,Energy and Utilities,0,0,0,0
2025,240,Duke Energy,United States,28.16434438,Energy and Utilities,0,0,0,0
2025,241,China Unicom,Hong Kong,27.98300695,Telecommunications,0,0,0,0
2025,242,Oil & Natural Gas,India,27.98198791,Energy and Utilities,0,0,0,0
2025,243,Coca-Cola,United States,27.87272816,Consumer Goods and Retail,0,0,0,0
2025,244,China Shenhua Energy,China,27.70434136,Mining,0,0,0,0
2025,245,State Bank of India,India,27.62231306,Financial Services,0,0,0,0
2025,246,Vale,Brazil,27.56817272,Mining,0,0,0,0
2025,247,Elevance Health,United States,27.52795068,Healthcare,0,0,0,0
2025,248,AbbVie,United States,27.3123941,Pharmaceuticals,0,0,0,0
2025,249,China Everbright Bank,China,26.99986048,Financial Services,0,0,0,0
2025,250,China Railway Group,China,26.94259167,Construction,0,0,0,0
2025,251,Postal Savings Bank Of China (PSBC),China,26.67272064,Financial Services,0,0,0,0
2025,252,PICC,China,26.52695249,Insurance,0,0,0,0
2025,253,Anheuser-Busch InBev,Belgium,26.3336806,Consumer Goods and Retail,0,0,0,0
2025,254,CRH,Ireland,26.31776704,Construction,0,0,0,0
2025,255,Philip Morris International,United States,26.14170748,Consumer Goods and Retail,0,0,0,0
2025,256,Enbridge,Canada,26.0509046,Energy and Utilities,0,0,0,0
2025,257,Enel,Italy,25.6821526,Energy and Utilities,0,0,0,0
2025,258,Kraft Heinz Company,United States,25.6713114,Consumer Goods and Retail,0,0,0,0
2025,259,DNB Bank,Norway,25.62170964,Financial Services,0,0,0,0
2025,260,ConocoPhillips,United States,25.15904341,Energy and Utilities,0,0,0,0
2025,261,ICICI Bank,India,25.06958213,Financial Services,0,0,0,0
2025,262,TotalEnergies,France,25.03876264,Energy and Utilities,0,0,0,0
2025,263,BP,United Kingdom,24.6679954,Energy and Utilities,0,0,0,0
2025,264,PNC Financial Services,United States,24.61887318,Financial Services,0,0,0,0
2025,265,Union Pacific,United States,24.1098507,Transportation and Logistics,0,0,0,0
2025,266,Suncor Energy,Canada,23.89084595,Energy and Utilities,0,0,0,0
2025,267,Eni,Italy,23.68887941,Energy and Utilities,0,0,0,0
2025,268,Phillips 66,United States,23.36293844,Energy and Utilities,0,0,0,0
2025,269,Orange,France,23.11485542,Telecommunications,0,0,0,0
2025,270,Danske Bank,Denmark,22.98019678,Financial Services,0,0,0,0
2025,271,Delta Air Lines,United States,22.18087398,Transportation and Logistics,0,0,0,0
2025,272,Al Rajhi Bank,Saudi Arabia,21.18871602,Financial Services,0,0,0,0
2025,273,Aflac,United States,20.97573416,Insurance,0,0,0,0
2025,274,Ameriprise Financial,United States,19.75906521,Financial Services,0,0,0,0
2025,275,Credit Agricole,France,19.66673235,Financial Services,0,0,0,0
2025,276,Inditex,Spain,19.54281501,Consumer Goods and Retail,0,0,0,0
2025,277,PetroChina,China,19.48066794,Energy and Utilities,0,0,0,0
2025,278,Southern Company,United States,19.00159149,Energy and Utilities,0,0,0,0
2025,279,Chubb,Switzerland,18.90730047,Insurance,0,0,0,0
2025,280,Marathon Petroleum,United States,18.55489304,Energy and Utilities,0,0,0,0
2025,281,The Saudi National Bank,Saudi Arabia,17.41638748,Financial Services,0,0,0,0
2025,282,Costco Wholesale,United States,17.0057864,Consumer Goods and Retail,0,0,0,0
2025,283,Occidental Petroleum,United States,16.49654698,Energy and Utilities,0,0,0,0
2025,284,Canadian Natural Resources,Canada,16.12915084,Energy and Utilities,0,0,0,0
2025,285,Life Insurance Corp. of India,India,16.04464488,Insurance,0,0,0,0
2025,286,Sinopec,China,15.59109862,Energy and Utilities,0,0,0,0
2025,287,Kweichow Moutai,China,15.39861741,Consumer Goods and Retail,0,0,0,0
2025,288,China Citic Bank,China,15.18061743,Financial Services,0,0,0,0
2025,289,LVMH Moët Hennessy Louis Vuitton,France,15.1596201,Consumer Goods and Retail,0,0,0,0
2025,290,TJX Cos,United States,15.090551,Consumer Goods and Retail,0,0,0,0
2025,291,General Dynamics,United States,14.75970037,Manufacturing,0,0,0,0
2025,292,Brookfield Corporation,Canada,14.22062625,Financial Services,0,0,0,0
2025,293,EOG Resources,United States,13.3314511,Energy and Utilities,0,0,0,0
2025,294,Berkshire Hathaway,United States,13.05561712,Financial Services,0,0,0,0
2025,295,Fairfax Financial,Canada,10.141002,Insurance,0,0,0,0
2025,296,Valero Energy,United States,9.285095451,Energy and Utilities,0,0,0,0
2025,297,China Minsheng Bank,China,7.539028968,Financial Services,0,0,0,0
2025,298,América Móvil,Mexico,5.66947902,Telecommunications,0,0,0,0
2025,299,Fubon Financial,Taiwan,4.883791919,Financial Services,0,0,0,0
2025,300,Caterpillar,United States,1.0,Manufacturing,0,0,0,0
