Name,ID,Alias,Language
Mistral,6921,Mistral AI,en
Johnson Controls,2100,johnson controls international plc,en
Johnson Controls,2100,johnson controls,en
CoStar Group,6951,CoStar Group Inc.,en
Principal Financial Group,2462,"principal financial services, inc.",en
Principal Financial Group,2462,principal financial group inc,en
Principal Financial Group,2462,principal,en
Steris,2498,steris,en
Steris,2498,steris corp,en
Steris,2498,steris corporation,en
Progressive,2093,Progressive Insurance,en
Progressive,2093,Progressive Corporation,en
Cincinnati Financial,2258,cincinnati financial corp,en
Cincinnati Financial,2258,the cincinnati insurance companies,en
Cincinnati Financial,2258,cincinnati financial corporation,en
Firstenergy,2320,firstenergy,en
Marathon Petroleum,1826,marathon petroleum,en
Marathon Petroleum,1826,marathon petroleum corporation,en
GE Aerospace,6960,General Electric,en
Avery Dennison,2227,avery dennison corporation,en
Avery Dennison,2227,avery dennison,en
J.M. Smucker,2378,smucker and smucker's,en
J.M. Smucker,2378,j. m. smucker,en
J.M. Smucker,2378,j. m. smucker company,en
J.M. Smucker,2378,the j.m. smucker company,en
Welltower,2538,health care reit,en
Welltower,2538,welltower,en
Extra Space Storage,2314,extra space storage inc.,en
Zions Bancorp,2553,"zions bancorporation, national association",en
Zions Bancorp,2553,keystone insurance and investment co,en
Zions Bancorp,2553,zions bank,en
Zions Bancorp,2553,zions bancorporation,en
Zions Bancorp,2553,"zions bancorporation, n.a.",en
IFlyTek,122,"keda xunfei co., ltd.",en
IFlyTek,122,iflytek co ltd,en
IFlyTek,122,anhui ustc iflytek science and technology co. ltd.,en
IFlyTek,122,科大讯飞股份有限公司,zh
IFlyTek,122,科大讯飞,zh
Aisimba,17,xiaoshi technology,en
Aisimba,17,武汉小狮科技有限公司,zh
Aisimba,17,"Wuhan Xiaoshi Intelligent Technology Co., Ltd",zh
Aisimba,17,小狮科技,zh
Aisimba,17,xiaoshi keji,zh
Micron Technology,2107,"Micron Technology, Inc.",en
Lamb Weston Holdings,2392,lamb weston,en
Lamb Weston Holdings,2392,conagra foods lamb weston,en
Idexx Laboratories,2363,"idexx laboratories, inc. ",en
Idexx Laboratories,2363,idexx,en
Idexx Laboratories,2363,idexx laboratories inc,en
Idexx Laboratories,2363,"idexx laboratories, inc.",en
Panasonic,1129,Panasonic Corporation,en
Panasonic,1129,Panasonic Corp.,en
Panasonic,1129,Panasonic Holdings Corp.,en
Panasonic,1129,パナソニック,jp
Diamondback Energy,2284,diamondback energy inc,en
Diamondback Energy,2284,"diamondback energy, inc.",en
Diamondback Energy,2284,diamondback,en
Globe Life,2340,globe life inc,en
Globe Life,2340,globe life insurance,en
Globe Life,2340,globe life and accident insurance,en
Globe Life,2340,globe life,en
Tyler Technologies,3093,"Tyler Technologies, Inc.",en
Charles Schwab Corporation,2255,charles schwab,en
Charles Schwab Corporation,2255,charles schwab corp,en
Charles Schwab Corporation,2255,charles schwab & co.,en
American Airlines Group,1978,American Airlines Group Inc.,en
American Airlines Group,1978,AMR,en
American Airlines Group,1978,"American Airlines, Inc.",en
American Airlines Group,1978,US Airways,en
American Airlines Group,1978,American Airlines,en
Valero Energy,1821,valero,en
Valero Energy,1821,valero refining,en
Valero Energy,1821,valero energy corporation,en
Valero Energy,1821,valero energy,en
Valero Energy,1821,valero producing,en
Vista Equity Partners,3159,"Vista Equity Partners Management, LLC",en
Bmw,783,bayerische motoren werke,de
Siemens,789,siemens AG,en
Lululemon Athletica,6970,Lululemon,en
Lululemon Athletica,6970,Lululemon Athletica Inc,en
Garmin,2335,garmin,en
Garmin,2335,garmin international,en
Mentor Graphics,570,mentor graphics corp,en
Mentor Graphics,570,mentor,en
Nike,830,"Nike, Inc",en
Nike,830,"Nike, Inc.",en
Nike,830,Nike Inc,en
Appier,26,appier.com,en
Appier,26,appier inc.,en
Foxconn,1393,"hon hai precision industry co., ltd.",en
Foxconn,1393,hon hai precision industry co.,en
Foxconn,1393,foxconn technology group,en
Foxconn,1393,鴻海精密工業股份有限公司,zh
Ameren,2208,ameren,en
Ameren,2208,ameren services,en
Regions Financial,2475,regions financial,en
Regions Financial,2475,regions financial corporation,en
Regions Financial,2475,regions bank,en
Vulcan Materials,2532,vulcan materials company,en
Vulcan Materials,2532,vulcan materials co,en
Vulcan Materials,2532,vulcan,en
Canadian Pacific,3160,Canadian Pacific Railway Limited,en
Canadian Pacific,3160,Canadian Pacific Railway,en
Canadian Pacific,3160,CP Rail,en
Canadian Pacific,3160,Canadian Pacific Railway Ltd,en
Axon Enterprise,6939,taser international,en
Microchip Technology,2415,microchip,en
Microchip Technology,2415,microchip technology inc.,en
Siemens Healthineers,683,siemens healthcare gmbh,en
Siemens Healthineers,683,siemens healthcare,en
Arch Capital Group,6938,Arch Capital Group Ltd.,en
Arch Capital Group,6938,Arch Capital,en
Everest Re,2312,everest re group,en
Everest Re,2312,everest reinsurance company,en
Everest Re,2312,everest reinsurance,en
Graphcore,102,graphcore limited,en
Graphcore,102,graphcore ltd,en
Nextera Energy,2432,"nextera energy, inc.",en
Roper Technologies,2481,roper,en
Roper Technologies,2481,"roper industries, inc.",en
Jabil,3123,"Jabil Energy, Inala",en
Carrier Global,2247,carrier global corp,en
Carrier Global,2247,carrier corporation,en
Raymond James Financial,2472,"raymond james financial services, inc.",en
Raymond James Financial,2472,raymond james technology and communications investment banking group,en
Raymond James Financial,2472,raymond james,en
Mosaic Company,2421,mosaic co,en
Mosaic Company,2421,the mosaic co,en
Mosaic Company,2421,mosaic,en
SBA Communications,2484,sba communications corp,en
SBA Communications,2484,sba,en
SBA Communications,2484,sba communications corporation,en
Darden Restaurants,2280,"darden restaurants, inc.",en
WellCare,3102,"WellCare Health Plans, Inc.",en
L3Harris Technologies,480,l3harris technologies,en
L3Harris Technologies,480,"l3 harris technologies, inc.",en
L3Harris Technologies,480,l3harris,en
L3Harris Technologies,480,l3harris technologies inc,en
L3Harris Technologies,480,"l3harris technologies, inc.",en
L3Harris Technologies,480,l3 harris,en
L3Harris Technologies,480,l3 harris technologies,en
Elliott Management,3158,Elliot Management Corporation,en
Elliott Management,3158,Elliott Investment Management,en
Elliott Management,3158,Elliott Investment Management L.P.,en
Mohawk Industries,2417,"mohawk industries, inc.",en
Mohawk Industries,2417,mohawk industries inc,en
Mohawk Industries,2417,mohawk,en
Fleetcor Technologies,2323,fleetcor,en
Fleetcor Technologies,2323,fleetcor technologies,en
Fleetcor Technologies,2323,fuelman,en
Fleetcor Technologies,2323,"fleetcor technologies, inc.",en
Nisource,2433,nipsco industries,en
Nisource,2433,nisource,en
Steel Dynamics,6980,"Steel Dynamics, Inc (SDI)",en
Steel Dynamics,6980,"Steel Dynamics, Inc",en
Zimmer Biomet,2552,zimmer biomet ,en
Zimmer Biomet,2552,"zimmer biomet holdings, inc.",en
Fair Isaac,6957,FICO,en
Fair Isaac,6957,Fair Isaac Corporation,en
Fair Isaac,6957,"Fair, Isaac and Company",en
Nokia,949,Nokia Mobile,en
Nokia,949,Nokia Corporation,en
Walmart,793,"Walmart, Inc.",en
Walmart,793,"Walmart, Inc",en
Walmart,793,Walmart Inc,en
J. B. Hunt Transport Services,2377,jb hunt,en
J. B. Hunt Transport Services,2377,"j.b. hunt transport, inc.",en
J. B. Hunt Transport Services,2377,"j.b. hunt transport services, inc.",en
Tyson Foods,2018,"Tyson Foods, Inc.",en
Woodward,2826,"woodward, inc.",en
Woodward,2826,woodward,en
Dish Network,2288,dish network l.l.c.,en
Dish Network,2288,dish network corp,en
Dish Network,2288,dish network corporation,en
Dish Network,2288,dish,en
UDR,2515,udr inc,en
UDR,2515,udr,en
UDR,2515,united dominion realty trust®,en
UDR,2515,united dominion residential communities,en
Ball,2228,ball corporation,en
Maxar Technologies,802,"MacDonald, Dettwiler and Associates",en
Maxar Technologies,802,dettwiler and associates,en
Zebra Technologies,2551,zebra technologies corporation,en
Zebra Technologies,2551,zebra,en
Zebra Technologies,2551,zebra technologies corp,en
Discover Financial Services,835,DFS,en
Dover Corporation,2291,dover corp,en
Dover Corporation,2291,dover,en
Allstate,2019,The Allstate Corporation,en
CDW,2250,cdw corporation,en
CDW,2250,cdw llc,en
CDW,2250,cdw,en
AbbVie,2083,AbbVie Inc.,en
Arthur J. Gallagher & Co.,2221,gallagher,en
Arthur J. Gallagher & Co.,2221,arthur j. gallagher,en
Arthur J. Gallagher & Co.,2221,ajg,en
Ulta Beauty,2516,"ulta beauty, inc.",en
Illinois Tool Works,2365,itw,en
Illinois Tool Works,2365,illinois tool works inc.,en
Abbott,1515,Abbott Laboratories,en
Deere,2037,John Deere,en
Deere,2037,John Deere GmbH & Co. KG,en
Deere,2037,Deere & Company,en
Federal Realty Investment Trust,2317,federal realty,en
Ford Motor Company,456,ford motor company limited,en
Ford Motor Company,456,ford direct,en
Ford Motor Company,456,ford motor co,en
Domino's Pizza,3089,"Domino's Pizza, Inc.",en
Kellogg,2381,kellogg company,en
Kellogg,2381,kellogg's,en
DTE Energy,2293,dte energy,en
DTE Energy,2293,dte,en
Whirlpool,2543,whirlpool corporation,en
Whirlpool,2543,whirlpool,en
Stryker,2499,stryker,en
Stryker,2499,"stryker iberia, sl",en
General Motors,820,"GM, The General Motors Company",en
Masco,2408,masco,en
Masco,2408,masco corporation,en
Dow,2292,dow chemical co,en
Dow,2292,Dow Jones Industrial Average,en
Dow,2292,dow,en
Dow,2292,the dow company,en
Borgwarner,2233,borgwarner inc.,en
Borgwarner,2233,borgwarner inc,en
Centene,1905,centene,en
Centene,1905,centene corporation,en
Emerson Electric Company,2302,emerson electric,en
Emerson Electric Company,2302,emerson electric co,en
Emerson Electric Company,2302,emerson,en
Jack Henry & Associates,2375,jack henry & associates inc,en
Jack Henry & Associates,2375,"jack henry & associates, inc.",en
O'Reilly Automotive,2442,"o’reilly automotive, inc.",en
O'Reilly Automotive,2442,o'reilly,en
O'Reilly Automotive,2442,o'reilly auto parts,en
O'Reilly Automotive,2442,"o’reilly auto parts, corporate",en
Bunge,1969,Bunge Ltd,en
Berkshire Hathaway,1792,Berkshire Hathaway Inc.,en
Union Pacific,2519,union pacific corporation,en
Union Pacific,2519,union pacific railroad,en
Union Pacific,2519,union pacific railroad company,en
Union Pacific,2519,union pacific,en
Mastercard,2409,mastercard,en
Mastercard,2409,mastercard incorporated,en
Mastercard,2409,mastercard inc,en
Mastercard,2409,mastercard international incorporated,en
Mastercard,2409,interbank card association,en
Constellation Brands,2270,canandaigua brands,en
Constellation Brands,2270,cbrands,en
Constellation Brands,2270,"constellation brands, inc.",en
Henry Schein,2351,"henry schein, inc.",en
Kimco Realty,2385,kimco realty corporation,en
Kimco Realty,2385,kimco realty corp,en
Paychex,2451,"paychex, inc.",en
Paychex,2451,paychex,en
M&T Bank,2402,m&t bank corp,en
M&T Bank,2402,manufacturers and traders bank,en
M&T Bank,2402,manufacturers and traders trust company,en
M&T Bank,2402,m&t bank corporation,en
M&T Bank,2402,first empire state corporation,en
M&T Bank,2402,m&t bank,en
Vici Properties,6985,Vici Properties,en
Vici Properties,6985,Vici Properties Inc.,en
Xylem,2549,xylem,en
Xylem,2549,xylem water solutions,en
IBM,115,international business machines corp,en
IBM,115,international business machines corporation,en
IBM,115,international business machines,en
IBM,115,computing tabulating recording,en
Broadridge Financial Solutions,2237,broadridge,en
Broadridge Financial Solutions,2237,"broadridge financial solutions, inc.",en
PepsiCo,1893,Pepsi,en
PepsiCo,1893,"PepsiCo, Inc.",en
Corning Incorporated,399,corning inc,en
Corning Incorporated,399,corning inc.,en
Corning Incorporated,399,corning,en
Regeneron Pharmaceuticals,1577,Regeneron,en
Regeneron Pharmaceuticals,1577,"Regeneron Pharmaceuticals, Inc.",en
Regeneron Pharmaceuticals,1577,REGN,en
Paycom,2452,"paycom software, inc",en
Devon Energy,2283,devon energy corporation,en
Devon Energy,2283,devon energy corp,en
Northrop Grumman,599,northrop grumman corp,en
Northrop Grumman,599,northrop grumman corporation,en
DXC Technology,2296,dxc technology co,en
DXC Technology,2296,computer sciences corporation,en
Huntington Ingalls Industries,2361,"huntington ingalls industries, inc.",en
Huntington Ingalls Industries,2361,hii,en
Huntington Ingalls Industries,2361,"huntington ingalls industries, inc. ",en
Huntington Ingalls Industries,2361,huntington ingalls industries,en
Dollar Tree,2289,"dollar tree, inc",en
Dollar Tree,2289,"dollar tree, inc.",en
Dollar Tree,2289,dollar tree inc,en
Empower AI,6928,NCI Information Systems,en
ECS,6926,ECS Federal LLC,en
Vricon,6933,Maxar Intelligence 3D,en
Nissan Motor Corporation,597,nissan,en
Nissan Motor Corporation,597,"nissan motor co., ltd.",en
Nissan Motor Corporation,597,nissan motor,en
Cloudwalk,58," Cloudwalk Group Co.,Ltd.",en
Cloudwalk,58,云从科技集团股份有限公司,zh
Cloudwalk,58,云从科技,zh
Ehang,83,guangzhou ehang intelligent technology co. ltd,en
Ehang,83,ehang inc,en
Ehang,83,亿航智能,zh
Ehang,83,广州亿航智能技术有限公司,zh
Lumen Technologies,2253,"lumen technologies, inc.",en
Lumen Technologies,2253,centurytel,en
Lumen Technologies,2253,centurylink,en
Lumen Technologies,2253,lumen,en
Pool Corporation,3091,SCP Pool Corporation,en
Pool Corporation,3091,Pool Corp,en
Entergy,2303,entergy corporation,en
Entergy,2303,entergy,en
Hormel Foods,2357,hormel foods corporation,en
Hormel Foods,2357,hormel foods,en
C. H. Robinson Worldwide,2239,c.h. robinson,en
C. H. Robinson Worldwide,2239,"c.h. robinson worldwide, inc.",en
C. H. Robinson Worldwide,2239,ch robinson worldwide inc,en
Fastenal,2316,fastenal,en
Fastenal,2316,fastenal company,en
Best Buy,1995,Best Buy Co. Inc.,en
UnitedHealth Group,818,unitedhealth group,en
UnitedHealth Group,818,unitedhealth group inc.,en
Unum Group,2523,unum insurance,en
Unum Group,2523,unum,en
HCA Healthcare,1963,"HCA Holdings, Inc.",en
HCA Healthcare,1963,"HCA Management Services, L.P.",en
HCA Healthcare,1963,Hospital Corporation of America,en
HCA Healthcare,1963,HEALTHCARE CORP OF AMERICA,en
Dollar General,2178,Dollar General Corporation,en
Eastman Chemical,2298,eastman chemical co,en
Eastman Chemical,2298,eastman chemical company,en
Eastman Chemical,2298,eastman,en
Tractor Supply Company,2511,tractor supply,en
Tractor Supply Company,2511,tractor supply co,en
Tractor Supply Company,2511,tsc,en
Fiserv,2322,"fiserv, inc.",en
Fiserv,2322,fiserv,en
Generac,6964,Generac,en
Generac,6964,"Generac Holdings, Inc.",en
Alliant Energy,2205,alliant energy,en
Alliant Energy,2205,alliant energy corporation,en
Snap-On,2492,snap-on incorporated,en
Snap-On,2492,snap-on inc,en
Kohl's,2387,kohl’s corporation,en
Kohl's,2387,kohl’s,en
BYD,6915,"BYD Auto Co., Ltd.",en
BYD,6915,比亚迪汽车,zh
BYD,6915,比亚迪汽车有限公司,zh
Xiaopeng Motors,6914,Guangzhou Xiaopeng Motors Technology Co Ltd,en
Xiaopeng Motors,6914,XPeng,en
Xiaopeng Motors,6914,小鹏汽车,zh
Xiaopeng Motors,6914,广州小鹏汽车科技有限公司,zh
Public Storage,2465,public storage inc.,en
Edison International,2300,edison international,en
Lam Research,2391,lam research corp,en
Lam Research,2391,lam research corporation,en
Chipotle Mexican Grill,2256,chipotle mexican grill inc,en
Chipotle Mexican Grill,2256,chipotle,en
Agari Data,9,agari data inc,en
Agari Data,9,"agari data, inc.",en
Agari Data,9,agari,en
Live Nation Entertainment,2398,live nation,en
Live Nation Entertainment,2398,live nation entertainment inc,en
Live Nation Entertainment,2398,live nation worldwide inc,en
Live Nation Entertainment,2398,"live nation worldwide, inc.",en
Disney,1383,Walt Disney Co Ltd,en
Disney,1383,The Walt Disney Company,en
Kaiser Permanente,533,Kaiser Foundation Hospitals,en
Kaiser Permanente,533,Kaiser Foundation Health Plan,en
Kaiser Permanente,533,Permanente Health Plan,en
Enphase Energy,3161,Enphase,en
Enphase Energy,3161,Enphase Energy Inc,en
Enphase Energy,3161,"Enphase Energy, Inc.",en
Activision Blizzard,2192,activision blizzard inc,en
Activision Blizzard,2192,"blizzard entertainment, inc.",en
Equinix,2306,"equinix, inc.",en
Electronic Arts,1671,Electronic Arts Inc.,en
Cooper Companies,2271,cooper companies,en
Cooper Companies,2271,cooper companies inc,en
Cooper Companies,2271,"the cooper companies, inc.",en
Cooper Companies,2271,coopercompanies,en
Zymergen,290,"zymergen, inc.",en
Zymergen,290,zymergen bioinformatics,en
Zymergen,290,zymergen inc,en
Zymergen,290,"zymergen, inc",en
Deckers Brands,6953,Deckers Brands,en
Deckers Brands,6953,Deckers Outdoor Corporation,en
Teledyne Technologies,2819,teledyne technologies,en
Teledyne Technologies,2819,allegheny ludlum corp.,en
Teledyne Technologies,2819,teledyne,en
Teledyne Technologies,2819,teledyne technologies incorporated,en
Keysight Technologies,2383,keysight technologies inc.,en
Keysight Technologies,2383,keysight,en
Clorox Company,2262,clorox,en
Clorox Company,2262,clorox co,en
Experian,440,"experian information solutions, inc.",en
Netflix,176,netflix inc,en
Netflix,176,netflix com inc,en
Netflix,176,"netflix, inc.",en
Seagate Technology,2485,seagate technology llc,en
Seagate Technology,2485,seagate,en
Seagate Technology,2485,seagate technology plc,en
Seagate Technology,2485,seagate technology plc.,en
Chevron,1617,chevron corporation,en
KLA-Tencor,1707,KLAC,en
KLA-Tencor,1707,KLA Corporation,en
Amgen,1570,Amgen Inc.,en
Autodesk,345,"autodesk, inc.",en
Autodesk,345,autodesk inc,en
Alexandria Real Estate Equities,2199,"alexandria real estate equities, inc.",en
Alexandria Real Estate Equities,2199,alexandria,en
Apple,27,"apple, inc.",en
Apple,27,apple inc.,en
Apple,27,apple inc,en
Snap,694,snapchat inc.,en
Snap,694,snapchat,en
Snap,694,snap inc,en
Snap,694,snap. inc,en
Monster Beverage,2419,monster energy company,en
Monster Beverage,2419,monster beverage corporation,en
Monster Beverage,2419,monster beverage corp,en
Monster Beverage,2419,monster energy,en
Genentech,465,genetech inc,en
Genentech,465,"genentech, inc",en
Genentech,465,"genentech, usa inc.",en
Gilead Sciences,2339,gilead sciences inc,en
Gilead Sciences,2339,"gilead sciences, inc.",en
Gilead Sciences,2339,gilead,en
Oracle,617,oracle corporation,en
Oracle,617,oracle corp,en
Yaskawa,797,安川電機,jp
American Water Works,2211,"american water works company, inc.",en
American Water Works,2211,american water works company inc,en
American Water Works,2211,american water works,en
American Water Works,2211,american water,en
Church & Dwight,2257,church & dwight co. inc,en
Church & Dwight,2257,"church & dwight co., inc.",en
Church & Dwight,2257,"church & dwight co., inc",en
Catalent,3087,"Catalent Pharma Solutions, Inc.",en
Catalent,3087,Catalent Pharma Solutions,en
Bristol-Myers Squibb,1395,"bristol myers squibb, BMS",en
Prudential Financial,1895,The Prudential Insurance Company of America,en
Merck,1492,Merck & Co.,en
Merck,1492,merck sharp & dohme,en
Merck,1492,MSD,en
Quest Diagnostics,2470,quest,en
Quest Diagnostics,2470,quest diagnostics incorporated,en
Quest Diagnostics,2470,quest diagnostics inc,en
KPMG,539,kpmg llp,en
KPMG,539,klynveld peat marwick goerdeler,en
KPMG,539,kpmg international cooperative,en
Kenvue,6968,Kenvue Inc,en
Verisk Analytics,2528,verisk analytics®,en
Verisk Analytics,2528,verisk,en
Verisk Analytics,2528,"verisk analytics, inc. (verisk)",en
Verisk Analytics,2528,iso,en
Verisk Analytics,2528,"verisk analytics, inc.",en
Becton Dickinson,2231,"becton, dickinson and co.",en
Becton Dickinson,2231,"becton, dickinson and company",en
Campbell Soup,2242,campbell's,en
Campbell Soup,2242,campbell soup company,en
Campbell Soup,2242,campbell,en
Campbell Soup,2242,campbell soup co,en
Johnson & Johnson,842,"Johnson & Johnson Services, Inc.",en
Zoetis,2554,zoetis inc,en
Zoetis,2554,pfizer,en
Automatic Data Processing,2224,adp,en
Automatic Data Processing,2224,"automatic data processing, inc.",en
PSEG,2464,pse&g,en
PSEG,2464,pseg,en
PSEG,2464,public service enterprise group,en
PSEG,2464,public service enterprise group incorporated,en
PSEG,2464,public service electric and gas,en
PSEG,2464,public service enterprise group inc,en
PSEG,2464,public service enterprise group (pseg),en
Cognizant,806,Cognizant Technology Solutions,en
Cognizant,806,Cognizant Technology Solutions U.S. Corporation,en
T-Mobile,831,"T-MOBILE USA, INC.",en
T-Mobile,831,"T-Mobile US, Inc.",en
Microsoft,163,microsoft corporation,en
Microsoft,163,microsoft corp,en
Costco Wholesale,1805,Costco Wholesale Corporation,en
Costco Wholesale,1805,Costco,en
Monolithic Power Systems,6973,Chengdu Monolithic Power Systems,en
Fortive,2328,fortive,en
Fortive,2328,fortive corporation,en
Paccar,2448,paccar,en
Paccar,2448,paccar financial,en
Alaska Air Group,2197,"alaska airlines, inc.",en
Alaska Air Group,2197,alaska airlines,en
Alaska Air Group,2197,alaska air group,en
BlackSky Global,6924,BlackSky Aerospace,en
Roche,663,f. hoffmann-la roche ltd,en
Roche,663,f hoffmann la roche ag,en
Hartford Financial Services,2347,"the hartford financial services group, inc.",en
Hartford Financial Services,2347,hartford financial services group inc,en
Hartford Financial Services,2347,hartford investment management co.,en
Hartford Financial Services,2347,the hartford,en
Bridgewater Associates,368,"bridgewater associates, lp",en
Bridgewater Associates,368,bridgewater,en
IQVIA,516,iqvia inc,en
IQVIA,516,iqvia holding inc,en
W. R. Berkley Corporation,2533,w. r. berkley,en
W. R. Berkley Corporation,2533,w. r. berkley corp,en
W. R. Berkley Corporation,2533,berkley,en
Otis Worldwide,2447,otis,en
Otis Worldwide,2447,zardoya otis,en
Otis Worldwide,2447,"zardoya otis, sa",en
Otis Worldwide,2447,otis elevator company,en
Otis Worldwide,2447,otis worldwide corp,en
Cigna,1953,cigna,en
Cigna,1953,cigna corporation,en
Stanley Black & Decker,2495,"stanley black & decker, inc.",en
Stanley Black & Decker,2495,the stanley works,en
Amphenol,2214,amphenol corporation,en
Amphenol,2214,amphenol,en
Aetna,308,"aetna, inc",en
Aetna,308,aetna inc,en
Aetna,308,"aetna, inc.",en
AP Moller - Maersk,2010,maersk,en
Leggett & Platt,2394,leggett,en
Leggett & Platt,2394,leggett & platt®,en
Leggett & Platt,2394,leggett & platt incorporated,en
Leggett & Platt,2394,leggett & platt inc,en
Leggett & Platt,2394,"leggett & platt, inc.",en
CMS Energy,2264,cms energy corporation,en
CMS Energy,2264,cms energy corp,en
FMC Corporation,2326,fmc corp,en
FMC Corporation,2326,fmc,en
FMC Corporation,2326,food machinery corporation,en
Hershey Company,2352,hershey co,en
Hershey Company,2352,hershey company,en
Hershey Company,2352,hershey's,en
Hershey Company,2352,hershey,en
Comcast,396,comcast holdings,en
Comcast,396,comcast corp,en
Comcast,396,comcast corporation,en
PPL,2461,ppl corporation,en
PPL,2461,pp&l,en
PPL,2461,pennsylvania power & ligh,en
PPL,2461,ppl,en
Ansys,2215,"ansys, inc",en
Ansys,2215,"ansys, inc.",en
Ansys,2215,ansys inc,en
Ametek,2213,"ametek, inc.",en
Ametek,2213,ametek,en
Ametek,2213,elgar electronics corporation,en
Ametek,2213,ametek inc,en
Lincoln National,2396,lincoln financial group,en
Lincoln National,2396,lincoln financial,en
Lincoln National,2396,lincoln national corporation,en
Lincoln National,2396,lincoln national corp,en
Vanguard,743,vanguard group inc,en
Vanguard,743,the vanguard group,en
Vanguard,743,"the vanguard group, inc",en
Air Products & Chemicals,2196,"air products and chemicals, inc.",en
Cencora,1803,amerisourcebergen,en
Cencora,1803,amerisourcebergen corporation.,en
Universal Health Services,2522,universal health services inc,en
Universal Health Services,2522,universal health services,en
Universal Health Services,2522,"universal health services, inc. (uhs)",en
Universal Health Services,2522,uhs,en
Teleflex,2507,teleflex incorporated.,en
Teleflex,2507,teleflex inc,en
Hasbro,2348,hasbro,en
Textron,2508,textron,en
Textron,2508,textron inc.,en
Citizens Financial Group,2260,"citizens bank, n.a.",en
Citizens Financial Group,2260,citizens financial group inc,en
Citizens Financial Group,2260,"citizens financial group, inc",en
Citizens Financial Group,2260,cfg,en
Citizens Financial Group,2260,citizens,en
Citizens Financial Group,2260,citizens financial,en
Citizens Financial Group,2260,citizens bank,en
CVS Health,1796,CVS/pharmacy,en
CVS Health,1796,CVS Health Corporation,en
CVS Health,1796,CVS,en
TE Connectivity,2505,tyco electronics ltd,en
TE Connectivity,2505,tyco electronics ltd.,en
TE Connectivity,2505,tyco electronics,en
TE Connectivity,2505,te connectivity,en
TE Connectivity,2505,te connectivity (te),en
TE Connectivity,2505,te connectivity ltd,en
LyondellBasell,2401,basell polyolefins,en
LyondellBasell,2401,lyondellbasell industries,en
LyondellBasell,2401,lyondellbasell industries n.v.,en
LyondellBasell,2401,lyondell chemical company,en
LyondellBasell,2401,lyondellbasell industries holdings b.v.,en
LyondellBasell,2401,lyondellbasell industries nv,en
Royal Dutch Shell,682,shell global,en
Royal Dutch Shell,682,royal dutch shell,en
Royal Dutch Shell,682,the royal dutch petroleum company,en
Hologic,2356,"hologic, inc.",en
Hologic,2356,hologic inc,en
Hologic,2356,"hologic, inc",en
IPG Photonics,2373,ipg photonics corporation,en
IPG Photonics,2373,ipg photonics,en
Boston Scientific,2235,boston scientific corporation,en
Boston Scientific,2235,boston scientific corp,en
Abiomed,2191,"abiomed, inc.",en
Abiomed,2191,abiomed,en
Abiomed,2191,"abiomed, inc",en
Teradyne,3092,"Teradyne, Inc.",en
Waters Corporation,2536,waters corp,en
Waters Corporation,2536,waters,en
Waters Corporation,2536,waters division,en
TJX,2027,"The TJX Companies, Inc.",en
Volkswagen,1037,Volkswagen AG,en
NXP Semiconductors,606,philips semiconductors,en
NXP Semiconductors,606,nxp semiconductors netherlands bv,en
NXP Semiconductors,606,nxp,en
Elsevier,436,reed elsevier,en
Elsevier,436,elsevier bv,en
Elsevier,436,elsevier ltd,en
Philips,201,koninklijke philips nv,en
Philips,201,royal philips,en
Philips,201,koninklijke philips,en
TechnipFMC,2506,fmc technologies,en
TechnipFMC,2506,technip,en
TechnipFMC,2506,fmc technologies inc,en
TechnipFMC,2506,technip paris,en
TechnipFMC,2506,technipfmc plc,en
MORSE,6927,Mission Oriented Rapid Solution Engineering,en
MORSE,6927,MORSECORP,en
Laboratory Corporation of America,2390,laboratory corporation of america holdings,en
Laboratory Corporation of America,2390,labcorp,en
Laboratory Corporation of America,2390,laboratory corporation of america,en
Qorvo,2468,"qorvo, inc.",en
Qorvo,2468,qorvo inc,en
Qorvo,2468,"qorvo, inc",en
Lowe's,1876,"Lowe's Companies, Inc.",en
Ingersoll Rand,2367,trane technologies,en
Ingersoll Rand,2367,american standard companies,en
Ingersoll Rand,2367,"ingersoll rand, inc.",en
Ingersoll Rand,2367,the trane company,en
Ingersoll Rand,2367,trane,en
Old Dominion Freight Line,2444,"old dominion freight line, inc. (nasdaq: odfl)",en
Old Dominion Freight Line,2444,odfl,en
Old Dominion Freight Line,2444,"old dominion freight line, inc.",en
Hanesbrands,2345,hanesbrands,en
Hanesbrands,2345,hanesbrands inc.,en
Hanesbrands,2345,hanesbrands inc. ,en
Hanesbrands,2345,sara lee corporation,en
Spotify,844,Spotify Technology S.A.,en
LVMH Moet Hennessy-Louis Vuitton,3097,LVMH Moët Hennessy Louis Vuitton S.E.,en
Samsung,671,samsung electronics co ltd,en
Samsung,671,samsung electronics,en
Samsung,671,"samsung electronics co., ltd.",en
Samsung,671,삼성전자,ko
Samsung,671,삼성그룹 혹은 삼성,ko
Coupang,400,"coupang co., ltd.",en
Coupang,400,coupang corp,en
Coupang,400,forward ventures,en
Coupang,400,"kupang co., ltd.",en
SAP,812,SAP SE,en
Bosch,800,the bosch group,en
Deutsche Telekom,1390,Deutsche Telekom AG,en
Danaher,2279,danaher,en
Danaher,2279,danaher corporation,en
Lennar,2395,lennar corporation,en
Lennar,2395,lennar,en
Carnival,2246,carnival corp,en
Carnival,2246,carnival corporation,en
Carnival,2246,carnival corporation & plc,en
Norwegian Cruise Line Holdings,2439,norwegian cruise line holdings ltd. (nyse:nclh),en
Norwegian Cruise Line Holdings,2439,ncl,en
Norwegian Cruise Line Holdings,2439,norwegian cruise line,en
Norwegian Cruise Line Holdings,2439,norwegian cruise line holdings ltd.,en
Norwegian Cruise Line Holdings,2439,norwegian cruise line holdings ltd,en
Royal Caribbean Cruises,2483,royal caribbean cruises,en
Royal Caribbean Cruises,2483,royal caribbean group,en
NEC,1126,nec global,en
NEC,1126,western electric,en
Toyota,790,toyota motor corporation,en
Toyota,790,トヨタ自動車株式会社,jp
Sony,1132,sony group corporation,en
Honda,795,"Honda modor co, ltd",en
Honda,795,本田技研工業株式会社,jp
Mitsubishi,786,三菱グループ,en
Fujitsu,1125,Fujitsu Limited,en
Fujitsu,1125,富士通,jp
Fujitsu,1125,富士通クライアントコンピューティング,jp
Oneok,2446,"oneok, inc. (nyse: oke)",en
Oneok,2446,"oneok, inc.",en
Oneok,2446,oneok inc,en
Helmerich & Payne,2350,helmerich and payne inc,en
Helmerich & Payne,2350,"helmerich & payne, inc.",en
Helmerich & Payne,2350,hpinc,en
Helmerich & Payne,2350,h&p,en
Williams Companies,2544,williams,en
Williams Companies,2544,"williams companies, inc.",en
Alexion Pharmaceuticals,2200,alexion pharmaceuticals inc,en
Alexion Pharmaceuticals,2200,alexion,en
Alexion Pharmaceuticals,2200,"alexion pharmaceuticals, inc.",en
American Tower,2210,american tower,en
American Tower,2210,american tower corporation,en
American Tower,2210,atc ip llc,en
American Tower,2210,american tower corp,en
Datarobot,63,datarobot inc,en
Datarobot,63,"datarobot, inc.",en
Iron Mountain,2374,iron mountain,en
Iron Mountain,2374,iron mountain inc,en
Eversource Energy,2311,eversource,en
Eversource Energy,2311,northeast utilities,en
State Street,2497,state street corporation,en
State Street,2497,state street,en
Affectiva,8,affectiva inc,en
Affectiva,8,"affectiva, inc.",en
Boston Consulting Group,718,boston consulting group,en
Boston Consulting Group,718,boston consulting group inc,en
Boston Consulting Group,718,the boston consulting group,en
Boston Consulting Group,718,bcg,en
Vertex Pharmaceuticals,2529,vertex pharmaceuticals incorporated,en
Vertex Pharmaceuticals,2529,vertex pharmaceuticals,en
Boston Properties,2234,"boston properties, inc.",en
Boston Properties,2234,bxp,en
Texas Instruments,714,texas instruments inc,en
Texas Instruments,714,texas instruments incorporated,en
Copart,2272,copart,en
Copart,2272,"copart, inc.",en
Copart,2272,"copart, inc",en
Match Group,6971,okcupid,en
Match Group,6971,hinge,en
Match Group,6971,match.com,en
Match Group,6971,plenty of fish,en
Match Group,6971,tinder,en
Match Group,6971,meetic,en
Invitation Homes,6966,Invitation Homes,en
Invitation Homes,6966,Invitation Homes Inc,en
Comerica,2266,comerica,en
Comerica,2266,comerica incorporated,en
Comerica,2266,comerica bank,en
AT&T,805,at&t inc.,en
AT&T,805,at&t,en
Atmos Energy,2223,atmos energy corp,en
Atmos Energy,2223,atmos energy marketing llc.,en
Atmos Energy,2223,atmos energy corporation,en
Atmos Energy,2223,atmos energy marketing,en
Jacobs Engineering Group,2376,jacobs,en
CBRE Group,2249,cbre ,en
CBRE Group,2249,"cbre group, inc.",en
Southwest Airlines,2494,southwest,en
Southwest Airlines,2494,southwest®,en
Southwest Airlines,2494,southwest airlines co,en
Southwest Airlines,2494,southwest airlines®,en
Southwest Airlines,2494,southwest airlines (nyse: luv),en
Southwest Airlines,2494,southwest airlines co.,en
Aecom,2763,2020 aecom,en
Aecom,2763,edaw,en
Apartment Investment & Management,2219,apartment investment and management company,en
Apartment Investment & Management,2219,aimco,en
Apartment Investment & Management,2219,apartment investment and management co.,en
Newmont Corporation,2429,newmont,en
Newmont Corporation,2429,newmont goldcorp,en
Newmont Corporation,2429,newmont mining corporation,en
Newmont Corporation,2429,newmont mining,en
V.F. Corporation,2524,vf corp.,en
V.F. Corporation,2524,vf corporation,en
Davita,2281,davita,en
Healthpeak Properties,2349,"healthpeak properties, inc.",en
Healthpeak Properties,2349,"healthpeak properties, inc",en
Healthpeak Properties,2349,healthpeak properties inc,en
Western Union,2540,western union,en
Cardinal Health,1807,cardinal health,en
Cardinal Health,1807,"cardinal health, inc.",en
Allegion,2202,allegion plc,en
Eaton Corporation,427,eaton corporation inc,en
Eaton Corporation,427,eaton corporation,en
Eaton Corporation,427,eaton corporation plc.,en
Eaton Corporation,427,eaton corp,en
Eaton Corporation,427,eaton,en
Perrigo,2456,perrigo company plc,en
Accenture,803,accenture,en
Accenture,803,andersen,en
Allergan,2203,allergan,en
Allergan,2203,"allergan pharmaceuticals, inc.",en
Linde,2397,linde,en
Linde,2397,the linde group,en
Linde,2397,linde group,en
Aptiv,336,aptiv plc,en
Aptiv,336,delphi automotive,en
Ross Stores,2482,ross,en
Ross Stores,2482,"ross stores, inc.",en
Aeye,7,"aeye, inc.",en
Aeye,7,"aeye, inc",en
Edwards Lifesciences,2301,edwards lifesciences corporation,en
Anduril Industries,24,"anduril industries, inc.",en
Anduril Industries,24,anduril,en
Skyworks Solutions,2490,skyworks solutions inc,en
Skyworks Solutions,2490,"skyworks solutions, inc.",en
Skyworks Solutions,2490,skyworks,en
Flowserve Corporation,2325,flowserve corp,en
Flowserve Corporation,2325,flowserve,en
Kimberly-Clark,2384,kimberly-clark corporation,en
Kimberly-Clark,2384,kimberly-clark corp,en
McKesson,1794,mckesson corporation,en
McKesson,1794,mckesson,en
Pioneer Natural Resources,2458,pioneer natural resources company,en
Pioneer Natural Resources,2458,pioneer natural resources co.,en
Celanese,2251,celanese corporation,en
Celanese,2251,celanese corp,en
Celanese,2251,hoechst celanese,en
ExxonMobil,1385,XOM,en
ExxonMobil,1385,Exxon Mobil Corporation.,en
Aon,2216,aon,en
Ernst & Young,808,ernst & young limited,en
Ernst & Young,808,ernst & young global limited,en
Ernst & Young,808,ernst & young,en
Ernst & Young,808,ey,en
Willis Towers Watson,2545,willis towers watson public limited company,en
Willis Towers Watson,2545,willis towers watson plc,en
Deepmind,414,"deepmind, google uk",en
Deepmind,414,deepmind technologies ltd,en
Deepmind,414,deepmind technologies limited,en
Deepmind,414,google deepmind,en
Deloitte Touche Tohmatsu,804,dttl,en
Deloitte Touche Tohmatsu,804,deloitte,en
Deloitte Touche Tohmatsu,804,deloitte touche tohmatsu limited,en
Deloitte Touche Tohmatsu,804,deloitte touche tohmatsu ltd,en
Barclays,1230,Barclays Bank UK PLC,en
Capital One,371,capital one financial corp,en
Capital One,371,capital one financial corporation,en
Hilton Worldwide Holdings,2354,hilton worldwide,en
Hilton Worldwide Holdings,2354,hilton,en
Hilton Worldwide Holdings,2354,hilton hotels corporation,en
Booz Allen Hamilton,364,booz digital,en
Booz Allen Hamilton,364,booz allen hamilton inc.,en
NVR,2441,"nvr, inc. (nvr)",en
NVR,2441,"nvr, inc.",en
NVR,2441,nvr,en
General Dynamics,2048,general dynamics,en
General Dynamics,2048,general dynamics corporation,en
Leidos Holdings,839,Science Applications International Corporation,en
Leidos Holdings,839,leidos holdings,en
Leidos Holdings,839,leidos,en
Leidos Holdings,839,SAIC,en
Verisign,2527,verisign,en
Global Payments,2341,global payments,en
Global Payments,2341,global payments inc,en
Global Payments,2341,"global payments direct, inc.",en
Global Payments,2341,global payments (nyse: gpn),en
Home Depot,836,"Home Depot Product Authority, LLC",en
Westrock,2541,westrock co,en
Westrock,2541,westrock company,en
Westrock,2541,westrock paper and packaging llc,en
Corpay,6950,Corpay,en
Corpay,6950,Corpay Inc,en
Corpay,6950,Fleetcor,en
Corpay,6950,FLEETCOR Technologies,en
Invesco,2372,invesco,en
Equifax,2305,equifax,en
Equifax,2305,"equifax, inc.",en
Equifax,2305,talx,en
Pultegroup,2466,pulte homes,en
Pultegroup,2466,"pultegroup, inc.",en
Pultegroup,2466,pulte group,en
Intercontinental Exchange,2368,"intercontinental exchange, inc.",en
Intercontinental Exchange,2368,intercontinentalexchange,en
Rollins,2480,rollins inc,en
Rollins,2480,rollins,en
Rollins,2480,"rollins, inc.",en
Coca-Cola,2096,The Coca Cola Company,en
Coca-Cola,2096,Coke,en
Southern Company,2493,southern co,en
Southern Company,2493,"southern company services, inc.",en
Norfolk Southern,2436,norfolk southern,en
Norfolk Southern,2436,norfolk southern corp,en
Norfolk Southern,2436,norfolk southern railway company,en
Norfolk Southern,2436,norfolk southern corporation,en
Norfolk Southern,2436,norfolk southern railway,en
Norfolk Southern,2436,norfolk southern railroad,en
Delta Air Lines,1981,"Delta Air Lines, Inc.",en
Genuine Parts,2338,genuine parts company,en
Genuine Parts,2338,gpc,en
Genuine Parts,2338,genuine parts co,en
United Parcel Service,1875,"united parcel service of america, inc.",en
United Parcel Service,1875,ups,en
United Parcel Service,1875,"united parcel service, inc.",en
United Parcel Service,1875,united parcel service,en
Newell Brands,2428,newell rubbermaid,en
Newell Brands,2428,newell company,en
Newell Brands,2428,newell brands inc.,en
MiniMax,6934,Shanghai MInimax Technology Co Ltd,en
MiniMax,6934,上海稀宇科技有限公司,zh
Baichuan Intelligence,6913,Beijing Baichuan Intelligent Technology Co,en
Baichuan Intelligence,6913,百川智能,zh
Baichuan Intelligence,6913,北京百川智能科技有限公司,zh
Moonshot AI,6917,Dark Side of the Moon,en
Moonshot AI,6917,"Beijing Dark Side of the Moon Technology Co., Ltd.",en
Moonshot AI,6917,北京月之暗面科技有限公司,zh
Moonshot AI,6917,月之暗面,zh
Kunlun Tech,6918,Kunlun Wanwei Technology Co.,en
Kunlun Tech,6918,Kunlun,en
Kunlun Tech,6918,昆仑万维科技股份有限公司,zh
Kunlun Tech,6918,昆仑万维,zh
Zhipu AI,6912,Beijing Knowledge Atlas Technology Co Ltd,en
Zhipu AI,6912,Beijing Zhipu Huazhang Technology Co.,en
Zhipu AI,6912,北京智谱华章科技有限公司,zh
Zhipu AI,6912,智谱AI,zh
Horizon Robotics,110,beijing horizon robotics technology development co ltd,en
Horizon Robotics,110,"horizon robotics, inc.",en
Horizon Robotics,110,地平线,zh
Horizon Robotics,110,北京地平线信息技术有限公司,zh
Horizon Robotics,110,dipingxian,zh
Deepglint,69,beijing deepglint technology limited,en
Deepglint,69,geling shentong,en
Deepglint,69,deep glint,en
Deepglint,69,"beijing deepglint technology co., ltd.",en
Deepglint,69,格灵深瞳,zh
Deepglint,69,北京格灵深瞳信息技术有限公司,zh
China Mobile Communications,1820,"China Mobile Communications Group Co., Ltd.",en
China Mobile Communications,1820,中国移动,zh
China Mobile Communications,1820,中国移动通信集团公司,zh
Ahi Fintech,10,"hui'an jinke (beijing) technology co., ltd.",en
Ahi Fintech,10,hui'an jinke,en
Ahi Fintech,10,huian jinke beijing technology co ltd,en
Ahi Fintech,10,hui'an jinke (ahi fintech),en
Ahi Fintech,10,慧安金科,zh
Ahi Fintech,10,慧安金科（北京）科技有限公司,zh
Lenovo,936,Lenovo Corporation,en
Lenovo,936,Lenovo Group Ltd.,en
Lenovo,936,Lianxiang Jituan,en
Lenovo,936,联想集团,zh
Lenovo,936,联想集团有限公司,zh
Aibee,13,aibee beijing intelligent technology co ltd,en
Aibee,13,aibee inc.,en
Aibee,13,爱笔智能科技有限公司,en
Aibee,13,爱笔智能,en
Bitmain Technologies,43,bitmain,en
Bitmain Technologies,43,bitmain technologies holding company,en
Bitmain Technologies,43,bite dalu,en
Bitmain Technologies,43,bitmain technologies inc.,en
Bitmain Technologies,43,比特大陆,zh
Bitmain Technologies,43,比特大陆科技有限公司,zh
Baidu,37,baidu inc,en
Baidu,37,百度公司,zh
Baidu,37,百度,zh
Didi Chuxing,76,didi chuxing technology co.,en
Didi Chuxing,76,北京小桔科技有限公司,en
Didi Chuxing,76,didi chuxing technology co ltd,en
Didi Chuxing,76,didi chuxing,en
Didi Chuxing,76,"Beijing DiDi Infinity Technology and Development Co., Ltd.",en
Didi Chuxing,76,beijing xiaoju technology co.,en
Didi Chuxing,76,滴滴出行,zh
Didi Chuxing,76,滴滴,zh
4Thparadigm,3,4paradigm,en
4Thparadigm,3,"beijing wusi chuangxiang technology co., ltd.",en
4Thparadigm,3,第四范式,zh
4Thparadigm,3,第四范式（北京）技术有限公司,zh
JD.com,133,"Jd.Com, Inc.",en
JD.com,133,京东集团,zh
JD.com,133,京东集团股份有限公司,zh
JD.com,133,京东,zh
Megvii,161,megvii technology limited.,en
Megvii,161,megvii technology,en
Megvii,161,megvii inc,en
Megvii,161,旷视科技,zh
Megvii,161,北京旷视科技有限公司,zh
Megvii,161,旷视,zh
Mininglamp,166,mininglamp tech,en
Mininglamp,166,mingluo technology,en
Mininglamp,166,beijing mininglamp software system co ltd,en
Mininglamp,166,mininglamp technology,en
Mininglamp,166,mininglamp,en
Mininglamp,166,明略科技集团,zh
Mininglamp,166,明略科技,zh
Mininglamp,166,北京明略昭辉科技有限公司,zh
Kuaishou,143,kuaishou technology,en
Kuaishou,143,beijing kuaishou technology ltd.,en
Kuaishou,143,kwai inc.,en
Kuaishou,143,快手,zh
Kuaishou,143,北京快手科技有限公司,zh
Sensetime,223,beijing sensetime technology development co ltd,en
Sensetime,223,sensetime group ltd.,en
Sensetime,223,商汤科技,zh
Sensetime,223,商汤集团有限公司,zh
Sensetime,223,商汤,zh
Cambricon,52,cambricon technologies corp ltd,en
Cambricon,52,hanwuji keji,en
Cambricon,52,beijing zhongke cambricon technologies corp ltd,en
Cambricon,52,cambricon technologies,en
Cambricon,52,cambricon technologies corporation limited,en
Cambricon,52,寒武纪科技,zh
Cambricon,52,寒武纪,zh
Cambricon,52,北京中科寒武纪科技有限公司,zh
Pony.AI,204,"pony.ai, inc.",en
Pony.AI,204,pony.ai inc,en
Qihoo 360,208,360 Security Technology Inc.,en
Qihoo 360,208,qihoo 360 technology,en
Qihoo 360,208,Qihoo Technology Company Limited,en
Qihoo 360,208,Qihoo 360 Technology Co. Ltd.,en
Qihoo 360,208,beijing qihu keji co. ltd.,en
Qihoo 360,208,360公司,zh
Qihoo 360,208,三六零安全科技股份有限公司,zh
Qihoo 360,208,奇虎360,zh
Motorola Solutions,2422,"motorola solutions, inc. (nyse: msi)",en
Motorola Solutions,2422,"motorola solutions, inc.",en
Motorola Solutions,2422,motorola,en
Motorola Solutions,2422,motorola solutions inc,en
Motorola Solutions,2422,"motorola mobility holdings, inc.",en
Motorola Solutions,2422,motorola inc.,en
Motorola Solutions,2422,motorola solutions,en
Molson Coors Brewing Company,2418,molson coors beverage co,en
Molson Coors Brewing Company,2418,molson coors,en
Citadel Securities,385,citadel securities llc,en
Citadel Securities,385,citadel enterprise americas llc,en
Northern Trust,2437,northern trust,en
Northern Trust,2437,northern trust corporation,en
Boeing,784,boeing company,en
Boeing,784,boeing co,en
Boeing,784,the boeing company,en
Boeing,784,boeing,en
Conagra Brands,2267,conagra foods inc.,en
Conagra Brands,2267,"conagra brands, inc. ",en
LKQ Corporation,2399,lkq corp,en
LKQ Corporation,2399,lkq,en
McDonald's,2412,mcdonald's corporation,en
McDonald's,2412,mcdonald's corp,en
McDonald's,2412,mcdonald's,en
Mondelez International,2169,Kraft Foods,en
Mondelez International,2169,"Mondelez International, Inc.",en
Citadel,384,citadel investment group,en
Citadel,384,citadel,en
Citadel,384,wellington financial group,en
Citadel,384,citadel enterprise americas llc,en
United Airlines,2009,"United Airlines, Inc.",en
United Airlines,2009,"United Continental Holdings, Inc.",en
GE Healthcare,462,ge healthcare ltd,en
GE Healthcare,462,ge healthcare inc,en
Kraft Heinz,2161,The Kraft Heinz Company,en
Kraft Heinz,2161,Kraft Foods,en
CME Group,2263,cme holdings,en
CME Group,2263,chicago mercantile exchange,en
CME Group,2263,cme group,en
CME Group,2263,chicago board of trade,en
Equity Residential,2307,equity apartments,en
CBOE Global Markets,2248,"cboe global markets, inc.",en
CBOE Global Markets,2248,"cboe exchange, inc.",en
CBOE Global Markets,2248,cboe,en
Archer Daniels Midland,1894,Archer Daniels Midland Co.,en
Exelon,2049,Exelon Corp,en
Exelon,2049,Exelon Corporation,en
Ventas,2526,ventas,en
Ventas,2526,"ventas, inc.",en
Crown Castle International,2275,crowncastle,en
Crown Castle International,2275,crown castle,en
NRG Energy,2440,"nrg energy, inc.",en
NRG Energy,2440,nrg,en
Coterra,3101,"Coterra Energy, Inc.",en
Coterra,3101,Coterra Energy Inc.,en
Coterra,3101,Coterra Energy,en
Baker Hughes,1564,BHGE,en
Baker Hughes,1564,General Electric's oil and gas,en
Baker Hughes,1564,Baker Hughes,en
Phillips 66,1818,phillips 66 company,en
NOV,2426,NOV Inc,en
NOV,2426,national oilwell varco,en
NOV,2426,"NOV, Inc.",en
NOV,2426,national oilwell varco inc.,en
NOV,2426,nov,en
APA Corporation,6937,Apache Corporation,en
APA Corporation,6937,Apache Oil Corporation,en
Centerpoint Energy,2252,centerpoint energy - always there ®,en
Centerpoint Energy,2252,"centerpoint energy, inc.",en
ConocoPhillips,2029, Phillips Petroleum Company,en
ConocoPhillips,2029,Phillips 66,en
ConocoPhillips,2029, Phillips Petroleum Company,en
Halliburton,2344,halliburton company,en
Halliburton,2344,halliburton,en
Quanta Services,2469,"quanta services, inc.",en
Quanta Services,2469,quanta services,en
Targa Resources,6982,Targa Resources Corp,en
Targa Resources,6982,Targa Resources,en
Marathon Oil,2403,marathon oil corporation,en
Kinder Morgan,2386,"kinder morgan, inc",en
Kinder Morgan,2386,kinder morgan inc,en
Kinder Morgan,2386,"kinder morgan, inc.",en
Waste Management,2535,"wm intellectual property holdings, l.l.c.",en
Waste Management,2535,waste management,en
EOG Resources,2304,"eog resources, inc",en
EOG Resources,2304,enron oil & gas company,en
Occidental Petroleum,2443,oxy,en
Occidental Petroleum,2443,occidental,en
Occidental Petroleum,2443,occidental petroleum corporation,en
Occidental Petroleum,2443,occidental petroleum corporation (nyse: oxy),en
Occidental Petroleum,2443,occidental petroleum corp,en
Apache Corporation,2218,apache corp,en
Apache Corporation,2218,apache,en
Sysco,1908,sysco,en
Sysco,1908,sysco corporation,en
Schlumberger,676,schlumberger nv,en
Schlumberger,676,slb global,en
Schlumberger,676,schlumberger limited,en
International Paper,2369,international paper co,en
AutoZone,2225,"autozone, inc.",en
AutoZone,2225,autozone,en
Mid-America Apartments,2416,mid-america apartment communities,en
Mid-America Apartments,2416,maa,en
Mid-America Apartments,2416,"mid-america apartment communities, inc.",en
Mid-America Apartments,2416,mid-america apartment communities inc,en
Fedex,1891,fedex,en
Fedex,1891,fedex corporation,en
Xerox,787,xerox holdings corporation,en
Booking.com,2232,booking holdings,en
Booking.com,2232,"booking holdings, inc.",en
Pinnacle West Capital,2457,pinnacle west,en
Pinnacle West Capital,2457,pinnacle west capital corporation,en
Pinnacle West Capital,2457,pinnacle west capital corp,en
ON Semiconductor,6975,Onsemi,en
ON Semiconductor,6975,ON Semiconductor Corporation,en
Freeport-Mcmoran,2333,freeport-mcmoran,en
Freeport-Mcmoran,2333,freeport-mcmoran copper & gold inc,en
Freeport-Mcmoran,2333,fcx,en
Republic Services,2476,"republic services, inc.",en
Republic Services,2476,republic services ,en
Advance Auto Parts,2193,"advance auto parts, inc.",en
Martin Marietta Materials,2407,martin marietta,en
Martin Marietta Materials,2407,martin marietta materials inc,en
Vontier,3098,Vontier Corporation,en
Amazon Web Services,326,"amazon web services, inc.",en
Amazon Web Services,326,aws,en
Amazon Web Services,326,amazon web services inc,en
Amazon,23,amazon.com,en
Amazon,23,amazon.com inc,en
Expedia Group,822,"Expedia, Inc",en
Expedia Group,822,Expedia,en
Weyerhaeuser,2542,weyerhaeuser company,en
Weyerhaeuser,2542,weyerhaeuser co,en
F5 Networks,2315,f5 networks inc,en
F5 Networks,2315,f5,en
F5 Networks,2315,f5 labs,en
F5 Networks,2315,"f5, inc.",en
Nordstrom,2435,"nordstrom, inc.",en
Nordstrom,2435,nordstrom inc,en
Starbucks,2496,starbucks,en
Starbucks,2496,starbucks corporation,en
Starbucks,2496,starbucks coffee company,en
Zillow,780,zillow group,en
Zillow,780,zillow group inc,en
Zillow,780,"zillow, inc.",en
Expeditors,2313,expeditors international,en
Expeditors,2313,"expeditors international of washington, inc.",en
Thermo Fisher Scientific,2509,thermo fisher scientific inc.,en
RTX,815,raytheon technologies corporation,en
RTX,815,united technologies corporation,en
RTX,815,raytheon,en
Revvity,2455,"perkinelmer, inc.",en
Revvity,2455,perkin-elmer,en
Amcor,2207,amcor,en
Amcor,2207,amcor ltd,en
ABB,798,"abb group, abb ltd",zh
Swiss Re,705,swiss re ltd,en
Swiss Re,705,swiss re ag,en
Swiss Re,705,swiss re group,en
Chubb,2084,ACE Limited,en
Host Hotels & Resorts,2358,"host hotels & resorts, inc.",en
Host Hotels & Resorts,2358,"host hotels & resorts, l.p.",en
Marriott International,2405,marriott,en
Marriott International,2405,marriott international inc,en
Marriott International,2405,"marriott international, inc.",en
Marriott International,2405,marriott bonvoy,en
Marriott International,2405,marriott international,en
Lockheed Martin,553,lockheed martin corporation,en
Bath & Body Works,2388,l brands,en
Bath & Body Works,2388,l brands inc,en
Bath & Body Works,2388,The Limited,en
Bath & Body Works,2388,Limited Brands,en
Bath & Body Works,2388,L Brands,en
Bath & Body Works,2388,Bath and Body Works,en
Bath & Body Works,2388,lbrands,en
Mettler Toledo,2413,mettler-toledo international inc,en
Mettler Toledo,2413,mettler-toledo international inc.,en
Huntington Bancshares,2360,huntington bancshares incorporated,en
Huntington Bancshares,2360,huntington national bank,en
American Electric Power,2209,aep,en
American Electric Power,2209,american electric power company inc,en
Aflac,2195,"aflac, inc.",en
Aflac,2195,american family life assurance company,en
Aflac,2195,aflac inc.,en
Aflac,2195,aflac incorporated,en
Aflac,2195,aflac,en
Cummins,2277,cummins,en
Cummins,2277,cummins inc.,en
Hikvision,106,hikvision digital technology,en
Hikvision,106,"hangzhou hikvision digital technology co., ltd.",en
Hikvision,106,海康威视,zh
Hikvision,106,杭州海康威视数字技术股份有限公司,zh
Alibaba,21,alibaba group holding limited,en
Alibaba,21,alibaba group holding ltd,en
Alibaba,21,alibaba group,en
Alibaba,21,阿里巴巴集团控股有限公司,zh
Alibaba,21,阿里巴巴集团,zh
Alibaba,21,阿里,zh
Dahua Technology,1388,dahua,en
Dahua Technology,1388,大华技术,zh
Dahua Technology,1388,浙江大华信息技术股份有限公司,zh
Morgan Stanley,585,morgan stanley & co.,en
Tapestry,2504,"coach, inc.",en
Tapestry,2504,tapestry inc,en
Tapestry,2504,tapestry,en
Philip Morris International,2118,PMI,en
Paramount Global,2530,viacomcbs,en
Paramount Global,2530,viacomcbs inc,en
Paramount Global,2530,paramount,en
Assurant,2222,"assurant, inc.",en
Lemonade,150,lemonade insurance agency,en
Lemonade,150,"lemonade, inc.",en
Lemonade,150,lemonade insurance company,en
Moody's,2420,moody's,en
Moody's,2420,moody's investors service,en
Moody's,2420,"moody’s investors service, inc.",en
Omnicom Group,2445,omnicom group (nyse: omc),en
Omnicom Group,2445,omnicom,en
Omnicom Group,2445,omnicom group inc. (nyse: omc),en
Omnicom Group,2445,omnicom group inc.,en
Omnicom Group,2445,omnicom group inc,en
Goldman Sachs,471,goldman sachs ag,en
Loews,2400,loews,en
Loews,2400,loews corporation,en
Estée Lauder,2309,the estée lauder companies,en
Estée Lauder,2309,estée lauder,en
Estée Lauder,2309,estee lauder companies inc,en
J.P. Morgan,518,jpmorgan,en
J.P. Morgan,518,jp morgan,en
J.P. Morgan,518,j.p. morgan,en
J.P. Morgan,518,constellation venture partners,en
J.P. Morgan,518,jpmorgan chase & co.,en
Capri Holdings,2243,capri holdings ltd.,en
Capri Holdings,2243,michael kors holdings limited,en
Capri Holdings,2243,capri holdings limited,en
Capri Holdings,2243,michael kors holdings,en
Verizon,792,Verizon Communications Inc.,
American Express,328,american express company,en
American Express,328,american express co,en
American Express,328,amex,en
Vornado Realty Trust,2531,vornado,en
Vornado Realty Trust,2531,vornado realty l.p.,en
American International Group,3105,"American International Group, Inc.",en
Pfizer,1928,Pfizer Inc.,en
Msci,2423,msci,en
Msci,2423,msci barra,en
Msci,2423,morgan stanley capital international,en
Nasdaq,2425,nasdaq,en
Marsh & Mclennan,2406,marsh & mclennan companies,en
Marsh & Mclennan,2406,marsh & mclennan companies inc,en
Marsh & Mclennan,2406,"marsh & mclennan companies, inc",en
Marsh & Mclennan,2406,mmc,en
Coty,2274,"cotytech, inc.",en
Coty,2274,coty,en
Coty,2274,"coty, inc.",en
Fox Corporation,2330,tfcf corp,en
Fox Corporation,2330,fox corporation,en
D. E. Shaw Group,720,"d. e. shaw & co., l.p.",en
D. E. Shaw Group,720,de shaw co,en
D. E. Shaw Group,720,d. e. shaw & co.,en
D. E. Shaw Group,720,d.e. shaw,en
S&P Global,668,mcgraw hill financial,en
S&P Global,668,s&p global inc.,en
Colgate-Palmolive,2265,colgate,en
Colgate-Palmolive,2265,colgate palmolive,en
Colgate-Palmolive,2265,colgate-palmolive company,en
Colgate-Palmolive,2265,colgate-palmolive co,en
PVH,2467,phillips-van heusen corporation,en
PVH,2467,pvh,en
PVH,2467,pvh corp,en
Dataminr,62,dataminr inc,en
Dataminr,62,ebh enterprises inc,en
Travelers Companies,2111,"The Travelers Companies, Inc.",en
Macy's,2176,"Federated Department Stores, Inc.",en
Macy's,2176,"Macys.com, LLC",en
Warner Bros. Discovery,3162,"Warner Bros. Discovery, Inc.",en
International Flavors & Fragrances,2371,iff,en
International Flavors & Fragrances,2371,"international flavors & fragrances, inc.",en
SL Green Realty,2491,sl green realty corp.,en
SL Green Realty,2491,slg,en
SL Green Realty,2491,sl green,en
Citi,809,Citigroup.com,en
Citi,809,"Citigroup, Inc.",en
News Corporation,2430,news corporation,en
News Corporation,2430,news corp,en
News Corporation,2430,news corp.,en
MetLife,1883,"MetLife, Inc.",en
MetLife,1883,Metropolitan Life Insurance Company (MLIC),en
MetLife,1883,METROPOLITAN LIFE INSURANCE CO,en
Consolidated Edison,2269,conedison,en
Consolidated Edison,2269,"consolidated edison company of new york, inc.",en
Consolidated Edison,2269,"conedison, inc,",en
Consolidated Edison,2269,con edison,en
Consolidated Edison,2269,consolidated edison inc,en
Blackrock,358,blackrock inc,en
Blackrock,358,blackrock brasil,en
Blackrock,358,"blackrock, inc.",en
Blackrock,358,blackrock capital investment corporation,en
Interpublic Group Of Companies,2370,interpublic,en
Interpublic Group Of Companies,2370,interpublic group,en
Interpublic Group Of Companies,2370,ipg,en
Interpublic Group Of Companies,2370,interpublic group of companies inc,en
Interpublic Group Of Companies,2370,"the interpublic group of companies, inc.",en
Hess Corporation,2353,hess corp,en
Hess Corporation,2353,hess,en
MarketAxess,2404,marketaxess holdings inc.,en
Take-Two Interactive,2503,"take-two interactive software, inc.",en
Take-Two Interactive,2503,take-two interactive software,en
Bloomberg,359,bloomberg business,en
Bloomberg,359,bloomberg l.p.,en
Ralph Lauren Corporation,2471,ralph lauren,en
Ralph Lauren Corporation,2471,ralph lauren corp,en
Jane Street,519,jane street group llc,en
Jane Street,519,"jane street group, llc.",en
Jane Street,519,jane street capital,en
Etsy,3090,"Etsy, Inc.",en
The Bank Of New York Mellon,2229,the bank of new york mellon corporation,en
The Bank Of New York Mellon,2229,bny mellon,en
The Bank Of New York Mellon,2229,bank of new york mellon corp,en
The Bank Of New York Mellon,2229,the bank of new york mellon,en
Altria Group,2206,philip morris companies. inc.,en
Altria Group,2206,altria,en
Altria Group,2206,"altria group, inc.",en
Carmax,2245,"carmax business services, llc",en
Carmax,2245,carmax,en
Dominion Energy,2290,dominion energy inc,en
Dominion Energy,2290,dominion energy technologies,en
Supermicro,6981,"Super Micro Computer, Inc.",en
Cisco Systems,383,"cisco systems, inc.",en
Cisco Systems,383,cisco systems,en
Cisco Systems,383,cisco,en
Cisco Systems,383,cisco systems inc,en
Ebay,429,ebay inc,en
Ebay,429,ebay inc.,en
Cadence Design Systems,2241,cadence design systems inc,en
Cadence Design Systems,2241,"cadence design systems, inc.",en
Cadence Design Systems,2241,"cadence design systems, inc",en
Habana Labs,104,habana labs ltd,en
Habana Labs,104,habana labs ltd.,en
Align Technology,2201,"align technology, inc.",en
Adobe,6,adobe corp,en
Adobe,6,adobe corp.,en
Adobe,6,adobe inc.,en
Adobe,6,adobe systems Incoporated,en
Adobe,6,adobe corporation,en
PayPal,195,PayPal Pte. Ltd.,en
Broadcom,2236,avago technologies,en
Broadcom,2236,broadcom,en
Western Digital,2539,wdc,en
Western Digital,2539,western digital corp,en
Western Digital,2539,western digital corporation,en
Western Digital,2539,"western digital technologies, inc.",en
Enflame,6919,Shanghai Enflame Technology Co Ltd,en
Enflame,6919,Shanghai Suiyuan Tech Co Ltd,en
Enflame,6919,Beijing Suiyuan Intelligent Tech Co Ltd,en
Enflame,6919,Suiyuan Technology,en
Enflame,6919,燧原科技,zh
Deepblue Technology,67,"DeepBlue Technology （Shanghai） Co.,Ltd",en
Deepblue Technology,67,深兰科技（上海）有限公司,zh
Deepblue Technology,67,深兰科技,zh
Nio,596,nextcar,en
Nio,596,nio inc.,en
Nio,596,nio limited,en
Nio,596,"shanghai weilai automobile co., ltd",en
Nio,596,blue sky coming,en
Nio,596,nextev,en
Nio,596,上海蔚来汽车有限公司,zh
Nio,596,蔚来,zh
Nio,596,weilai,zh
Xiaohongshu (Little Red Book),279,little red book,en
Xiaohongshu (Little Red Book),279,xiaohongshu,en
Xiaohongshu (Little Red Book),279,"xingyin information technology (shanghai) co., ltd.",en
Xiaohongshu (Little Red Book),279,"information technology (shanghai) co., ltd.",en
Xiaohongshu (Little Red Book),279,xingyin xinxi keji (shanghai) youxian gongsi,en
Xiaohongshu (Little Red Book),279,xingyin information technology shanghai co ltd,en
Xiaohongshu (Little Red Book),279,小红书,zh
Xiaohongshu (Little Red Book),279,行吟信息科技（上海）有限公司,zh
Celepixel,53,celepixel technology,en
Celepixel,53,"celepixel technology co., ltd.",en
Celepixel,53,芯仑科技,zh
Celepixel,53,豪威芯仑传感器（上海）有限公司,zh
Tencent,245,tencent holdings limited,en
Tencent,245,tencent ltd,en
Tencent,245,tengxun,en
Tencent,245,tencent holdings,en
Tencent,245,腾讯控股有限公司,zh
Tencent,245,腾讯,zh
Ping An,202,china ping an,en
Ping An,202,平安金融,zh
Ping An,202,中国平安保险集团,zh
Ping An,202,中国平安,zh
DJI,78,"Shenzhen dji technology co., ltd.",en
DJI,78,dji innovations,en
DJI,78,dji international co ltd,en
DJI,78,大疆创新,zh
DJI,78,深圳市大疆创新科技有限公司,zh
Huawei,112,"huawei technologies co., ltd.",en
Huawei,112,huawei technologies,en
Huawei,112,华为,zh
Huawei,112,华为技术有限公司,zh
ZTE,289,zte corporation,en
ZTE,289,zte corp,en
ZTE,289,中兴,zh
ZTE,289,中兴通讯股份有限公司,zh
Gartner,2336,gartner,en
Gartner,2336,"gartner group, inc",en
Gartner,2336,gartner consulting,en
Gartner,2336,gartner group,en
Synchrony Financial,2501,synchrony,en
Synchrony Financial,2501,GE Capital Retail Finance,en
United Rentals,2521,united rentals inc,en
United Rentals,2521,united rentals,en
Charter Communications,1985,"Charter Communications, Inc.",en
D. R. Horton,2278,"d.r. horton, inc.",en
D. R. Horton,2278,dr horton,en
Avalonbay Communities,2226,avalonbay,en
Avalonbay Communities,2226,"avalonbay, inc.",en
Avalonbay Communities,2226,"avalonbay, inc",en
T. Rowe Price Group,2502,t. rowe price,en
T. Rowe Price Group,2502,"t. rowe price group, inc.",en
T. Rowe Price Group,2502,t. rowe price associates,en
T. Rowe Price Group,2502,t.roweprice,en
Under Armour,2518,under armour.,en
Under Armour,2518,"under armour®, inc.",en
Under Armour,2518,"under armour, inc.",en
McCormick,2410,mccormick & company,en
McCormick,2410,mccormick,en
McCormick,2410,mccormick & company inc,en
McCormick,2410,"mccormick & company, inc.",en
Biogen,1536,biogen inc.,en
Akamai Technologies,1765,"akamai technologies, inc., akamai",en
GE Vernova,6962,"GE Vernova, Inc.",en
Moderna Therapeutics,1752,Moderna,en
Moderna Therapeutics,1752,"Moderna, Inc.",en
Tamr,243,tamr inc,en
Tamr,243,"tamr, inc",en
Tamr,243,"tamr, inc.",en
Astrazeneca,341,astrazeneca plc,en
Arm,338,arm ltd,en
Arm,338,arm limited,en
Arm,338,arm holdings,en
Dentsply Sirona,2282,dentsply sirona inc,en
Dentsply Sirona,2282,dentsply international,en
Truist Financial,2514,truist financial corporation,en
Truist Financial,2514,truist,en
Truist Financial,2514,truist financial corp,en
Sealed Air,2486,sealed air corp,en
Sealed Air,2486,sealed air corporation,en
Sealed Air,2486,SEE,en
Bank of America,811,"Bank of America, N.A.",en
Bank of America,811,Bank of America NA,en
Bank of America,811, Bank of America National Association,en
Albemarle,2198,albermarle,en
Albemarle,2198,albemarle corporation,en
Nucor,2185,Nucor Corporation,en
Honeywell International,846,alliedsignal,en
Honeywell International,846,honeywell,en
Honeywell International,846,honeywell international,en
Duke Energy,2294,duke energy corp,en
Duke Energy,2294,duke energy corporation,en
Parker-Hannifin,2450,parker hannifin corp,en
Parker-Hannifin,2450,parker hannifin,en
Parker-Hannifin,2450,parker,en
Transdigm Group,2513,transdigm group,en
Transdigm Group,2513,transdigm group incorporated,en
Transdigm Group,2513,transdigm,en
Transdigm Group,2513,"transdigm group, inc.",en
Transdigm Group,2513,transdigm group inc.,en
Sherwin-Williams,2488,sherwin-williams company,en
Sherwin-Williams,2488,sherwin-williams co,en
Sherwin-Williams,2488,the sherwin-williams company,en
Caterpillar,1921,"caterpillar, inc.",en
Caterpillar,1921,"caterpillar, inc",en
Walgreens Boots Alliance,1809,WBA,en
Walgreens Boots Alliance,1809,"WALGREENS BOOTS ALLIANCE, INC.",en
Fortune Brands Home & Security,2329,fortune brands,en
Fortune Brands Home & Security,2329,fortune brands home and security,en
Fortune Brands Home & Security,2329,"fortune brands home & security, inc.",en
CF Industries Holdings,2254,cf industries,en
CF Industries Holdings,2254,cf industries holdings,en
Baxter International,2230,"baxter international, inc.",en
Baxter International,2230,baxter,en
Baxter International,2230,baxter international,en
Las Vegas Sands,2393,las vegas sands corp,en
Las Vegas Sands,2393,las vagas sand crop,en
Las Vegas Sands,2393,las vegas sands corporation,en
MGM Resorts International,2414,mgm resorts,en
MGM Resorts International,2414,mgm mirage ,en
Wynn Resorts,2546,wynn resorts,en
Wynn Resorts,2546,"wynn resorts, limited",en
Wynn Resorts,2546,wynn las vegas,en
A.O. Smith,2217,a. o. smith,en
A.O. Smith,2217,a. o. smith corporation,en
WEC Energy Group,2537,wec energy group inc.,en
Rockwell Automation,2479,rockwell automation inc,en
Rockwell Automation,2479,ra,en
Rockwell Automation,2479,"rockwell automation, inc.",en
Rockwell Automation,2479,rockwell automation,en
Harley-Davidson,2346,harley-davidson inc.,en
Harley-Davidson,2346,harley-davidson motor company,en
Harley-Davidson,2346,harley,en
Harley-Davidson,2346,"h-d u.s.a., llc.",en
Tesla,247,tesla motors,en
Tesla,247,"tesla, inc.",en
Tesla,247,tesla inc,en
Hewlett Packard Enterprise,487,hewlett packard enterprise co,en
Hewlett Packard Enterprise,487,hewlett-packard enterprise,en
Hewlett Packard Enterprise,487,hewlett packard enterprise company,en
Hewlett Packard Enterprise,487,hewlett packard enterprise development lp,en
HP,833,hewlett packard co.,en
Sempra Energy,2487,sempra energy®,en
Sempra Energy,2487,sempra energy (nyse: sre),en
Sempra Energy,2487,aig trading,en
Illumina,501,illumina inc,en
Illumina,501,"illumina, inc.",en
DexCom,3088,"DexCom, Inc.",en
Tusimple,258,beijing tusimple future technology co ltd,en
Tusimple,258,"tusimple, inc.",en
Tusimple,258,图森未来,zh
Realty Income Corporation,2473,realty income,en
Realty Income Corporation,2473,realty income corp.,en
Resmed,2477,resmed corp.,en
Resmed,2477,resmed inc.,en
Qualcomm,209,qualcomm incorporated,en
Qualcomm,209,"qualcomm technologies, inc.",en
Qualcomm,209,qualcomm inc,en
Essex Property Trust,2308,essex property trust,en
Franklin Resources,2332,franklin templeton investments,en
Franklin Resources,2332,"franklin resources, inc.",en
Franklin Resources,2332,franklin templeton,en
Franklin Templeton,6959,Franklin Resources,en
Verizon Media,746,verizon media llc,en
Fortinet,2327,fortinet inc,en
Fortinet,2327,"fortinet, inc.",en
Fortinet,2327,"fortinet, inc",en
Cerebras Systems,54,cerebras systems inc,en
Cerebras Systems,54,cerebras systems inc.,en
Netapp,2427,net app,en
Netapp,2427,"netapp, inc.",en
Intuitive Surgical,1516,intuitive,en
Juniper Networks,2379,"juniper networks, inc.",en
Juniper Networks,2379,juniper,en
Royce Geo,6930,Royce Geospatial Consultants,en
Procter & Gamble,639,procter & gamble co,en
Procter & Gamble,639,procter & gamble company,en
Procter & Gamble,639,p&g,en
Cintas Corporation,2259,cintas,en
Cintas Corporation,2259,cintas corp,en
Fifth Third Bancorp,2319,"fifth third bank, national association.",en
Fifth Third Bancorp,2319,fifth third bank,en
Kroger,1813,The Kroger Co.,en
Humana,1913,"humana, inc",en
Humana,1913,humana,en
Humana,1913,"humana, inc.",en
Yum! Brands,2550,"yum! brands, inc.",en
Yum! Brands,2550,tricon global restaurants,en
Yum! Brands,2550,yum!,en
Yum! Brands,2550,yum! brands rsc,en
Yum! Brands,2550,yum! brands,en
Brown-Forman,2238,brown-forman corp,en
Brown-Forman,2238,brown-forman and company,en
Brown-Forman,2238,brown-forman corporation,en
Brown-Forman,2238,brown-forman,en
Robert Half International,2478,robert half,en
Robert Half International,2478,robert half international inc.,en
Meta,87,facebook,en
Meta,87,"facebook, inc",en
Meta,87,meta platforms,en
Meta,87,"facebook, inc.",en
Character.ai,6905,Character Technologies,en
PPG Industries,2460,ppg,en
PPG Industries,2460,"ppg industries, inc.",en
PPG Industries,2460,"ppg industries ohio, inc.",en
Howmet Aerospace,2359,howmet aerospace inc.,en
Howmet Aerospace,2359,howmet corp.,en
EQT,6955,Equitable Resources,en
Duolingo,424,"duolingo, inc.",en
Duolingo,424,duolingo inc,en
Duolingo,424,"duolingo, inc",en
Wabtec Corporation,2534,westinghouse air brake technologies corporation (wabtec),en
Wabtec Corporation,2534,wabtec corp,en
Wabtec Corporation,2534,wabtec,en
PNC Financial Services,2459,pnc financial services group,en
PNC Financial Services,2459,"natcity investments, inc.",en
PNC Financial Services,2459,pnc,en
PNC Financial Services,2459,"the pnc financial services group, inc.",en
PNC Financial Services,2459,"pnc financial services group, inc.",en
PNC Financial Services,2459,pnc financial services group inc,en
3M,298,minnesota mining and manufacturing company,en
3M,298,3m co,en
Solventum,6979,Solventum Corporation,en
Ecolab,2299,ecolab,en
Ecolab,2299,economics laboratory,en
DuPont,1780,"DuPont de Nemours, Inc.",en
DuPont,1780,DuPont Alumni Founded Companies,en
Incyte,2366,incyte corporation,en
Incyte,2366,incyte corp,en
Analog Devices,331,analog devices international,en
Analog Devices,331,linear semiconductor sdn. bhd.,en
Analog Devices,331,analog devices inc,en
Analog Devices,331,Linear Semiconductor Sdn. Bhd.,en
Evergy,2310,"evergy, inc",en
Evergy,2310,evergy inc,en
Evergy,2310,"evergy, inc.",en
Cerner Corporation,838,Cerner,en
H&R Block,2343,block,en
H&R Block,2343,h & r block inc,en
H&R Block,2343,hrb digital llc,en
Idex Corporation,2362,idex,en
Idex Corporation,2362,idex corp,en
Packaging Corporation of America,2449,packaging corporation of america (pca),en
Packaging Corporation of America,2449,Tenneco Packaging,en
Packaging Corporation of America,2449,pca,en
Packaging Corporation of America,2449,packaging corp of america,en
W.W. Grainger,2342,grainger,en
W.W. Grainger,2342,"w. w. grainger, inc.",en
W.W. Grainger,2342,w.w. grainger,en
Medtronic,1553,medtronic plc,en
Dayforce,6952,Ceridian,en
Ameriprise Financial,2212,"ameriprise financial, inc.",en
Ameriprise Financial,2212,ameriprise financial inc,en
Ameriprise Financial,2212,ameriprise,en
Ameriprise Financial,2212,hudson peak wealth advisors,en
U.S. Bancorp,2175,U.S. Bancorp Fund Services,en
U.S. Bancorp,2175,U.S. Bancorp Asset Management,en
General Mills,2337,"general mills, inc.",en
General Mills,2337,general mills inc,en
Bio-Techne,6941,Bio-Techne,en
Bio-Techne,6941,Bio-Techne Corporation,en
Pentair,2453,pentair,en
Target,710,"target brands, inc",en
Target,710,target corp,en
Target,710,dayton hudson corp,en
Target,710,target corporation,en
Xcel Energy,2547,xcel energy,en
Xcel Energy,2547,xcel energy inc.,en
ServiceNow,840,"ServiceNow, Inc.",en
Nvidia,184,nvidia corporation,en
Nvidia,184,nvidia corp,en
SVB Financial,2500,silicon valley bank,en
SVB Financial,2500,svb financial group,en
SVB Financial,2500,svb,en
Intel,127,N M Electronics,en
Intel,127,intel corp,en
Intel,127,integrated and electronics,en
Intel,127,intel corporation,en
Palo Alto Networks,623,"palo alto networks, inc.",en
Palo Alto Networks,623,paloalto,en
Agilent Technologies,313,agilent technologies inc,en
Agilent Technologies,313,agilent,en
Agilent Technologies,313,"agilent technologies, inc.",en
Advanced Micro Devices,327,advanced micro devices inc,en
Advanced Micro Devices,327,advanced micro devices,en
Arista Networks,2220,"arista networks, inc.",en
Arista Networks,2220,arista,en
Arista Networks,2220,arastra,en
Applied Materials,335,applied materials inc,en
Applied Materials,335,"applied materials, inc.",en
Eli Lilly And Company,434,eli lilly and co,en
Elevance Health,1831," Elevance Health, Inc.",en
Elevance Health,1831,"Anthem, Inc.",en
Elevance Health,1831,Anthem,en
Simon Property Group,2489,simon,en
Simon Property Group,2489,"simon property group, inc.",en
Simon Property Group,2489,"simon property group, l.p.",en
Simon Property Group,2489,"simon property group, inc. (nyse: spg)",en
Simon Property Group,2489,simon property group,en
Corteva,2273,corteva agriscience,en
Corteva,2273,corteva inc,en
CSX,2276,csx corp,en
CSX,2276,csx corporation,en
CSX,2276,csx,en
Regency Centers Corporation,2474,regency centers corp,en
Regency Centers Corporation,2474,regency centers,en
Fidelity National Information Services,2318,fis,en
Fidelity National Information Services,2318,fidelity national information services inc,en
Intuit,514,intuit inc.,en
Intuit,514,"intuit, inc.",en
Intuit,514,"intuit, inc",en
Google,101,google llc,en
Google,101, Google Inc,en
Waymo,762,waymo llc,en
Waymo,762,google self-driving car project,en
Waymo,762,the google car,en
Waymo,762,waymo - google self-driving car project,en
Synopsys,845,Synopsys,en
Alphabet,796,alphabet inc,en
Databricks,410,"databricks, inc.",en
Amazon Advertising,324,"amazon ad, amz advertising, amazing ads",en
Perplexity AI,6922,Perplexity,en
Gap,2334,gap,en
Salesforce,219,Salesforce Alumni Founded Companies,en
Salesforce,219,salesforce.com inc.,en
Salesforce,219,salesforce.com,en
Salesforce,219,salesforce ventures llc,en
Salesforce,219,Salesforce Portfolio Companies,en
Splunk,237,"splunk, inc",en
Splunk,237,splunk inc,en
Splunk,237,"splunk, inc.",en
Twitter,734,twitter inc.,en
Pinterest,635,pinterest inc.,en
Pinterest,635,cold brew labs inc.,en
PG&E Corporation,6976,Pacific Gas and Electric Company,en
Lyft,557,"lyft, inc.",en
Lyft,557,lyft inc,en
Wells Fargo,807,WELLS FARGO BANK NA,en
Wells Fargo,807,Wells Fargo & Co,en
Wells Fargo,807,Wells Fargo & Company,en
McKinsey & Company,566,"mckinsey & company, inc.",en
McKinsey & Company,566,mckinsey,en
McKinsey & Company,566,"mckinsey & company, inc",en
McKinsey & Company,566,mckinsey & company inc,en
First Republic Bank,2321,first republic,en
Adept,6907,Adept AI,en
Adept,6907,Adept AI Labs,en
Scale AI,220,"scale ai, inc.",en
Airbnb,314,airbed & breakfast,en
Airbnb,314,airbnb inc,en
Airbnb,314,"airbnb, inc.",en
Visa,2190,visa inc.,en
Visa,2190,"visa, inc",en
Visa,2190,"visa, inc.",en
Dropbox,423,"dropbox, inc.",en
Dropbox,423,dropbox inc,en
Digital Realty Trust,2285,"digital realty trust, inc.",en
Digital Realty Trust,2285,digital realty,en
OpenAI,6900,Open AI,en
Prologis,2463,"prologis, inc",en
Prologis,2463,prologis ventures,en
Uber,737,ubercab,en
Uber,737,uber technologies inc.,en
Uber,737,ubercab.com,en
