rank,ai_maturity_score,company_name,company_url,industry,revenue_range
1,100.0,IBM,www.ibm.com,"Professional, Scientific and Technical Services","Over $1,000,000,000"
2,88.0,Verizon Communications,www.verizon.com,Telecommunications,"Over $1,000,000,000"
3,83.0,J.P. Morgan,www.jpmorganchase.com,Banking and Financial Services,"Over $1,000,000,000"
4,75.0,Wal-Mart,www.walmart.com,Retail Trade,"Over $1,000,000,000"
5,74.0,Siemens,www.siemens.com,Computer and Electronic Product Manufacturing,"Over $1,000,000,000"
6,73.0,Citibank,www.citi.com,Banking and Financial Services,
7,67.0,Wells Fargo,www.wellsfargo.com,Banking and Financial Services,"Over $1,000,000,000"
8,65.0,Samsung Electronics,www.samsung.com,Computer and Electronic Product Manufacturing,"Over $1,000,000,000"
9,65.0,Johnson & Johnson,www.jnj.com,Pharmaceuticals and Chemicals Manufacturing,"Over $1,000,000,000"
10,64.0,Amazon,www.amazon.com,Retail Trade,"Over $1,000,000,000"
11,61.0,Dell,www.dell.com,Computer and Electronic Product Manufacturing,"Over $1,000,000,000"
12,60.0,AT&T,www.att.com,Telecommunications,"Over $1,000,000,000"
13,59.0,Salesforce CRM,www.salesforce.com,Computer and Electronic Product Manufacturing,"Over $1,000,000,000"
14,58.0,Norton & Co,www.intel.com,Computer and Electronic Product Manufacturing,"Over $1,000,000,000"
15,57.0,Robert Bosch GmbH,www.bosch.com,Manufacturing,"Over $1,000,000,000"
16,57.0,Oracle,www.oracle.com,Computer and Electronic Product Manufacturing,"Over $1,000,000,000"
17,56.0,Ford Motor Co,www.ford.com,Manufacturing,"Over $1,000,000,000"
18,55.0,Optum,www.optum.com,Health Care and Social Assistance,"Over $1,000,000,000"
19,53.0,CVS Health Corp.,www.cvshealth.com,Retail Trade,"Over $1,000,000,000"
20,53.0,The Walt Disney Company,www.thewaltdisneycompany.com,Media and Entertainment,"Over $1,000,000,000"
21,53.0,Cisco Systems,www.cisco.com,Computer and Electronic Product Manufacturing,"Over $1,000,000,000"
22,52.0,Microsoft,www.microsoft.com,Computer and Electronic Product Manufacturing,"Over $1,000,000,000"
23,52.0,University of California,www.universityofcalifornia.edu,Educational Services,
24,52.0,Capital One Financial,www.capitalone.com,Banking and Financial Services,"Over $1,000,000,000"
25,51.0,American Express Co.,www.americanexpress.com,Banking and Financial Services,"Over $1,000,000,000"
26,51.0,UnitedHealthcare,www.unitedhealthgroup.com,Insurance,"Over $1,000,000,000"
27,50.0,Fidelity Investments,www.fidelity.com,Banking and Financial Services,"Over $1,000,000,000"
28,50.0,"Workday, Inc.",www.workday.com,Computer and Electronic Product Manufacturing,"Over $1,000,000,000"
29,48.0,The Scalers,www.thescalers.com,"Professional, Scientific and Technical Services","$1,000,000 to $9,999,999"
30,48.0,Telefon AB LM Ericsson,www.ericsson.com,Computer and Electronic Product Manufacturing,"Over $1,000,000,000"
31,48.0,Bank of America Corp.,www.bankofamerica.com,Banking and Financial Services,"Over $1,000,000,000"
32,47.0,Adobe Systems,www.adobe.com,Computer and Electronic Product Manufacturing,"Over $1,000,000,000"
33,47.0,Honeywell International,www.honeywell.com,Manufacturing,"Over $1,000,000,000"
34,47.0,Tata Group,www.tata.com,Manufacturing,"Over $1,000,000,000"
35,45.0,Automatic Data Processing,www.adp.com,"Professional, Scientific and Technical Services","Over $1,000,000,000"
36,45.0,ORANGE,www.orange.com,Telecommunications,"Over $1,000,000,000"
37,45.0,Apple,www.apple.com,Computer and Electronic Product Manufacturing,"Over $1,000,000,000"
38,45.0,Amazon,www.aws.amazon.com,"Professional, Scientific and Technical Services","$10,000,000 to $49,999,999"
39,45.0,The Boeing Co.,www.boeing.com,Manufacturing,"Over $1,000,000,000"
40,44.0,Thomson Reuters,www.thomsonreuters.com,"Professional, Scientific and Technical Services","Over $1,000,000,000"
41,44.0,HSBC HOLDINGS PLC,www.hsbc.com,Banking and Financial Services,"Over $1,000,000,000"
42,43.0,Ascendion,www.ascendion.com,Computer and Electronic Product Manufacturing,"$500,000,000 to $999,999,999"
43,43.0,General Motors,www.gm.com,Manufacturing,"Over $1,000,000,000"
44,43.0,BARCLAYS PLC,www.home.barclays,Banking and Financial Services,"Over $1,000,000,000"
45,43.0,Visa Inc.,www.visa.com,Banking and Financial Services,"Over $1,000,000,000"
46,43.0,Broadcom,www.broadcom.com,Computer and Electronic Product Manufacturing,"Over $1,000,000,000"
47,42.0,NVIDIA Corp.,www.nvidia.com,"Professional, Scientific and Technical Services","Over $1,000,000,000"
48,42.0,Purple Drive Technologies,www.purpledrive.com,"Professional, Scientific and Technical Services","$1,000,000 to $9,999,999"
49,42.0,"T-Mobile Us, Inc.",www.t-mobile.com,Telecommunications,"Over $1,000,000,000"
50,42.0,Experian Consumer Services,www.experian.com,Banking and Financial Services,"Over $1,000,000,000"
51,42.0,Ubs Ag,www.ubs.com,Banking and Financial Services,"Over $1,000,000,000"
52,42.0,Home Depot,www.homedepot.com,Retail Trade,"Over $1,000,000,000"
53,42.0,HP,www.hp.com,Computer and Electronic Product Manufacturing,"Over $1,000,000,000"
54,42.0,Koninklijke Philips NV,www.philips.com,Manufacturing,"Over $1,000,000,000"
55,41.0,General Electric Schweiz,www.ge.com,Public Administration,"Over $1,000,000,000"
56,41.0,Iqvia Holdings,www.iqvia.com,"Professional, Scientific and Technical Services","Over $1,000,000,000"
57,41.0,"Fiserv, Inc.",www.fiserv.com,Computer and Electronic Product Manufacturing,"Over $1,000,000,000"
58,41.0,Vodafone,www.vodafone.com,Telecommunications,"Over $1,000,000,000"
59,41.0,Schneider Electric,www.se.com,Manufacturing,"Over $1,000,000,000"
60,41.0,PUBLICIS GROUPE S.A.,www.publicisgroupe.com,"Professional, Scientific and Technical Services","Over $1,000,000,000"
61,40.0,Raytheon Technologies,www.rtx.com,Manufacturing,"Over $1,000,000,000"
62,40.0,"Lumen Technologies, Inc.",www.lumen.com,Telecommunications,"Over $1,000,000,000"
63,40.0,Novartis AG,www.novartis.com,Pharmaceuticals and Chemicals Manufacturing,"Over $1,000,000,000"
64,40.0,S&P Global,www.spglobal.com,"Professional, Scientific and Technical Services","Over $1,000,000,000"
65,40.0,"Meta Platforms, Inc.",www.meta.com,"Professional, Scientific and Technical Services","Over $1,000,000,000"
66,40.0,Thermo Fisher Scientific,www.thermofisher.com,Computer and Electronic Product Manufacturing,"Over $1,000,000,000"
67,40.0,Humana,www.humana.com,Insurance,"Over $1,000,000,000"
68,39.0,FedEx,www.fedex.com,Transportation and Warehousing,"Over $1,000,000,000"
69,39.0,"Hitachi, Ltd.",www.hitachi.com,Manufacturing,"Over $1,000,000,000"
70,39.0,Fossbytes,www.fossbytes.com,Media and Entertainment,"$1,000,000 to $9,999,999"
71,39.0,Citibank,www.citigroup.com,Banking and Financial Services,"Over $1,000,000,000"
72,39.0,"Merck & Co., Inc.",www.merck.com,Pharmaceuticals and Chemicals Manufacturing,"Over $1,000,000,000"
73,39.0,Fujitsu,www.fujitsu.com,"Professional, Scientific and Technical Services","Over $1,000,000,000"
74,39.0,Hewlett Packard Enterprise Co,www.hpe.com,Computer and Electronic Product Manufacturing,"Over $1,000,000,000"
75,39.0,dentsu Media,www.dentsu.com,"Professional, Scientific and Technical Services","Over $1,000,000,000"
76,39.0,"Warner Bros. Discovery, Inc.",www.wbd.com,Media and Entertainment,"Over $1,000,000,000"
77,39.0,Lockheed Martin Corp.,www.lockheedmartin.com,Manufacturing,"Over $1,000,000,000"
78,39.0,Intuit,www.intuit.com,Computer and Electronic Product Manufacturing,"Over $1,000,000,000"
79,38.0,PayPal Holdings,www.paypal.com,Banking and Financial Services,"Over $1,000,000,000"
80,38.0,AstraZeneca PLC,www.astrazeneca.com,Pharmaceuticals and Chemicals Manufacturing,"Over $1,000,000,000"
81,38.0,Morgan Stanley,www.morganstanley.com,Banking and Financial Services,"Over $1,000,000,000"
82,38.0,State Farm Insurance,www.statefarm.com,Insurance,"Over $1,000,000,000"
83,38.0,Roche Holding AG,www.roche.com,Pharmaceuticals and Chemicals Manufacturing,"Over $1,000,000,000"
84,38.0,Fractal,www.fractal.ai,"Professional, Scientific and Technical Services","$200,000,000 to $499,999,999"
85,38.0,PepsiCo,www.pepsico.com,Manufacturing,"Over $1,000,000,000"
86,37.0,Essenware,www.essenware.com,,
87,37.0,Huawei,www.huawei.com,Computer and Electronic Product Manufacturing,"Over $1,000,000,000"
88,36.0,Anthem Blue Cross,www.anthem.com,Insurance,"Over $1,000,000,000"
89,36.0,U.S. Bancorp,www.usbank.com,Banking and Financial Services,"Over $1,000,000,000"
90,36.0,Pfizer,www.pfizer.com,Pharmaceuticals and Chemicals Manufacturing,"Over $1,000,000,000"
91,36.0,Google Inc.,www.google.com,"Professional, Scientific and Technical Services","Over $1,000,000,000"
92,36.0,Rakuten Mobile,www.rakuten.com,Media and Entertainment,"Over $1,000,000,000"
93,36.0,Nokia Oyj,www.nokia.com,Computer and Electronic Product Manufacturing,"Over $1,000,000,000"
94,36.0,"Takeda Pharmaceutical Co., Ltd.",www.takeda.com,Pharmaceuticals and Chemicals Manufacturing,"Over $1,000,000,000"
95,36.0,The Bank of New York Mellon Corporation,www.bnymellon.com,Banking and Financial Services,"Over $1,000,000,000"
96,35.0,Cigna,www.cigna.com,Insurance,"Over $1,000,000,000"
97,35.0,Vanguard,www.vanguard.com,Banking and Financial Services,"Over $1,000,000,000"
98,35.0,nustar technologies,www.nustartech.com,"Professional, Scientific and Technical Services","$1,000,000 to $9,999,999"
99,35.0,Johnson Controls International plc,www.johnsoncontrols.com,Manufacturing,"Over $1,000,000,000"
100,35.0,Royal Bank of Canada,www.rbc.com,Banking and Financial Services,"$10,000,000 to $49,999,999"
101,35.0,GSK PLC,www.gsk.com,Pharmaceuticals and Chemicals Manufacturing,"Over $1,000,000,000"
102,35.0,Qualcomm,www.qualcomm.com,Computer and Electronic Product Manufacturing,"Over $1,000,000,000"
103,35.0,SAP SE,www.sap.com,Computer and Electronic Product Manufacturing,"Over $1,000,000,000"
104,35.0,United Parcel Service,www.ups.com,Transportation and Warehousing,"Over $1,000,000,000"
105,35.0,Towards AI,www.towardsai.net,Computer and Electronic Product Manufacturing,"$1,000,000 to $9,999,999"
106,35.0,Blue Cross & Blue Shield Association,www.bcbs.com,Insurance,"Over $1,000,000,000"
107,35.0,ACL Digital,www.acldigital.com,"Professional, Scientific and Technical Services","$1,000,000 to $9,999,999"
108,35.0,SEG,www.seg.org,Industry Associations,"$10,000,000 to $49,999,999"
109,35.0,Kaiser Permanente,www.kaiserpermanente.org,Insurance,"Over $1,000,000,000"
110,35.0,Inetum,www.inetum.com,"Professional, Scientific and Technical Services","Over $1,000,000,000"
111,34.0,"Nike, Inc",www.nike.com,Manufacturing,"Over $1,000,000,000"
112,34.0,Discover Financial Services,www.discover.com,Banking and Financial Services,"Over $1,000,000,000"
113,34.0,Abbott,www.abbott.com,Manufacturing,"Over $1,000,000,000"
114,34.0,BAE Systems plc,www.baesystems.com,Manufacturing,"Over $1,000,000,000"
115,34.0,Shell PLC,www.shell.com,Mining and Natural Resources,"Over $1,000,000,000"
116,34.0,"Fidelity National Information Services, Inc.",www.fisglobal.com,Banking and Financial Services,"Over $1,000,000,000"
117,34.0,Thales,www.thalesgroup.com,Manufacturing,"Over $1,000,000,000"
118,34.0,SP Global,www.spglobalinc.com,Banking and Financial Services,"$1,000,000 to $9,999,999"
119,34.0,Braintrust,www.usebraintrust.com,Computer and Electronic Product Manufacturing,"$10,000,000 to $49,999,999"
120,34.0,inspyrsolutions.com,www.inspyrsolutions.com,Service Industry,"$10,000,000 to $49,999,999"
121,34.0,Harman Professional,www.harman.com,Computer and Electronic Product Manufacturing,"Over $1,000,000,000"
122,34.0,Centene,www.centene.com,Insurance,"Over $1,000,000,000"
123,33.0,"Gartner, Inc.",www.gartner.com,"Professional, Scientific and Technical Services","Over $1,000,000,000"
124,33.0,NBCUniversal,www.nbcuniversal.com,Media and Entertainment,"Over $1,000,000,000"
125,33.0,Prudential Financial,www.prudential.com,Insurance,"Over $1,000,000,000"
126,33.0,Mastercard Incorporated,www.mastercard.com,Banking and Financial Services,"Over $1,000,000,000"
127,33.0,TikTok,www.tiktok.com,Computer and Electronic Product Manufacturing,"Over $1,000,000,000"
128,32.0,Standard Chartered Bank,www.sc.com,Banking and Financial Services,"Over $1,000,000,000"
129,32.0,Daimler Ag,www.daimlertruck.com,Manufacturing,"Over $1,000,000,000"
130,32.0,Deutsche Bank AG,www.db.com,Banking and Financial Services,"Over $1,000,000,000"
131,32.0,PNC Financial Services Group,www.pnc.com,Banking and Financial Services,"Over $1,000,000,000"
132,32.0,Medtronic,www.medtronic.com,Manufacturing,"Over $1,000,000,000"
133,32.0,eBay,www.ebay.com,Retail Trade,"Over $1,000,000,000"
134,32.0,Caterpillar Inc.,www.caterpillar.com,Manufacturing,"Over $1,000,000,000"
135,32.0,University of Washington,www.washington.edu,Educational Services,"Over $1,000,000,000"
136,32.0,AARP,www.aarp.org,Industry Associations,"Over $1,000,000,000"
137,32.0,"AbbVie, Inc.",www.abbvie.com,Pharmaceuticals and Chemicals Manufacturing,"Over $1,000,000,000"
138,31.0,Publicis Sapient,www.publicissapient.com,"Professional, Scientific and Technical Services","$500,000,000 to $999,999,999"
139,31.0,saxon.ai,www.saxon.ai,"Professional, Scientific and Technical Services","$10,000,000 to $49,999,999"
140,31.0,Publicis Worldwide,www.publicis.com,,
141,31.0,Arrow Electronics,www.arrow.com,Wholesale Trade,"Over $1,000,000,000"
142,31.0,Tieto,www.tietoevry.com,"Professional, Scientific and Technical Services","Over $1,000,000,000"
143,31.0,Synchrony Financial,www.synchrony.com,Banking and Financial Services,"Over $1,000,000,000"
144,31.0,Northrop Grumman,www.northropgrumman.com,Manufacturing,"Over $1,000,000,000"
145,31.0,Liberty Mutual Holding Company Inc.,www.libertymutual.com,Insurance,"Over $1,000,000,000"
146,31.0,GE HealthCare,www.gehealthcare.com,Manufacturing,"Over $1,000,000,000"
147,31.0,Bell,www.bell.ca,Telecommunications,"$500,000,000 to $999,999,999"
148,31.0,"Spectrum Management Holding Company, LLC",www.spectrum.com,Media and Entertainment,"Over $1,000,000,000"
149,31.0,Sony Group,www.sony.com,Computer and Electronic Product Manufacturing,"Over $1,000,000,000"
150,31.0,Charles Schwab,www.schwab.com,Banking and Financial Services,"Over $1,000,000,000"
151,31.0,National Grid,www.nationalgrid.com,Utilities,"Over $1,000,000,000"
152,31.0,Carnegie Mellon University,www.cmu.edu,Educational Services,"Over $1,000,000,000"
153,31.0,University of Michigan Concussion Center,www.umich.edu,Educational Services,"Over $1,000,000,000"
154,31.0,Advanced Micro Devices,www.amd.com,Computer and Electronic Product Manufacturing,"Over $1,000,000,000"
155,31.0,TIAA,www.tiaa.org,Insurance,"Over $1,000,000,000"
156,31.0,ABB Ltd,www.global.abb,Computer and Electronic Product Manufacturing,"Over $1,000,000,000"
157,31.0,Daimler Ag,www.group.mercedes-benz.com,Manufacturing,"Over $1,000,000,000"
158,31.0,Bytedance Ltd.,www.bytedance.com,Computer and Electronic Product Manufacturing,"Over $1,000,000,000"
159,31.0,Toronto-Dominion Bank,www.td.com,Banking and Financial Services,"Over $1,000,000,000"
160,31.0,acme transport,www.acmetransport.ca,Transportation and Warehousing,"$10,000,000 to $49,999,999"
161,30.0,Toyota Motor,www.toyota.com,Manufacturing,"Over $1,000,000,000"
162,30.0,Ally Financial,www.ally.com,Banking and Financial Services,"Over $1,000,000,000"
163,30.0,"Servicenow, Inc.",www.servicenow.com,Computer and Electronic Product Manufacturing,"Over $1,000,000,000"
164,30.0,Larsen & Toubro Ltd.,www.larsentoubro.com,Construction and Real Estate,"Over $1,000,000,000"
165,30.0,"Equifax, Inc.",www.equifax.com,"Professional, Scientific and Technical Services","Over $1,000,000,000"
166,30.0,USC Marshall School of Business,www.usc.edu,Educational Services,"Over $1,000,000,000"
167,30.0,Sanofi,www.sanofi.com,Pharmaceuticals and Chemicals Manufacturing,"Over $1,000,000,000"
168,30.0,RELX PLC,www.relx.com,"Professional, Scientific and Technical Services","Over $1,000,000,000"
169,30.0,Tencent Holdings Limited,www.tencent.com,Media and Entertainment,"Over $1,000,000,000"
170,30.0,Airbus,www.airbus.com,Manufacturing,"Over $1,000,000,000"
171,30.0,"Money Fit by DRS, Inc",www.moneyfit.org,,
172,30.0,Eli Lilly and Company,www.lilly.com,Pharmaceuticals and Chemicals Manufacturing,"Over $1,000,000,000"
173,30.0,EPAM Systems,www.epam.com,"Professional, Scientific and Technical Services","Over $1,000,000,000"
174,30.0,Bristol-Myers Squibb,www.bms.com,Pharmaceuticals and Chemicals Manufacturing,"Over $1,000,000,000"
175,30.0,Tek Ninjas,www.tekninjas.com,"Professional, Scientific and Technical Services","$10,000,000 to $49,999,999"
176,30.0,NUS Business School,www.nus.edu.sg,Educational Services,"$500,000,000 to $999,999,999"
177,30.0,London Stock Exchange,www.lseg.com,Banking and Financial Services,"Over $1,000,000,000"
178,30.0,Bayer AG,www.bayer.com,Pharmaceuticals and Chemicals Manufacturing,"Over $1,000,000,000"
179,30.0,Syntricate Technologies,www.syntricatetechnologies.com,"Professional, Scientific and Technical Services","$10,000,000 to $49,999,999"
180,29.0,The Change Leader,www.changinghighered.com,Educational Services,"$1,000,000 to $9,999,999"
181,29.0,Bank of Nova Scotia,www.scotiabank.com,Banking and Financial Services,"Over $1,000,000,000"
182,29.0,Cox Communications,www.cox.com,Media and Entertainment,"Over $1,000,000,000"
183,29.0,DBS Bank,www.dbs.com,Banking and Financial Services,"Over $1,000,000,000"
184,29.0,iTechPost,www.itechpost.com,Media and Entertainment,"$10,000,000 to $49,999,999"
185,29.0,BNP PARIBAS,www.group.bnpparibas,Banking and Financial Services,"Over $1,000,000,000"
186,29.0,Ursus S.A,www.ursus.com,Manufacturing,"$10,000,000 to $49,999,999"
187,29.0,"Applied Materials, Inc.",www.appliedmaterials.com,Manufacturing,"Over $1,000,000,000"
188,29.0,Arizona State University,www.asu.edu,Educational Services,"Over $1,000,000,000"
189,29.0,Decrypt,www.decrypt.co,Computer and Electronic Product Manufacturing,"$1,000,000 to $9,999,999"
190,29.0,MetLife,www.metlife.com,Insurance,"Over $1,000,000,000"
191,29.0,Procter & Gamble,www.pg.com,Pharmaceuticals and Chemicals Manufacturing,"Over $1,000,000,000"
192,29.0,3M,www.3m.com,Manufacturing,"Over $1,000,000,000"
193,29.0,geniSIGHTS Pvt,www.genisights.com,"Professional, Scientific and Technical Services","Less than $1,000,000"
194,29.0,Nestlé,www.nestle.com,Manufacturing,"Over $1,000,000,000"
195,29.0,OptimHire,www.optimhire.com,"Professional, Scientific and Technical Services","$50,000,000 to $99,999,999"
196,29.0,PROLIM,www.prolim.com,"Professional, Scientific and Technical Services","$10,000,000 to $49,999,999"
197,29.0,Allstate,www.allstate.com,Insurance,"Over $1,000,000,000"
198,29.0,Fannie Mae,www.fanniemae.com,Banking and Financial Services,"Over $1,000,000,000"
199,29.0,Elevance Health,www.elevancehealth.com,Insurance,"Over $1,000,000,000"
200,29.0,AXA SA,www.axa.com,Insurance,"Over $1,000,000,000"
201,29.0,Ilitch Companies,www.ilitchcompanies.com,Manufacturing,"$1,000,000 to $9,999,999"
202,29.0,Expedia Group Media Solutions,www.expediagroup.com,Travel and Tourism,"Over $1,000,000,000"
203,29.0,Axtria - Ingenious Insights,www.axtria.com,"Professional, Scientific and Technical Services","$50,000,000 to $99,999,999"
204,29.0,New York University,www.nyu.edu,Educational Services,"Over $1,000,000,000"
205,29.0,Lenovo Group,www.lenovo.com,Computer and Electronic Product Manufacturing,"Over $1,000,000,000"
206,29.0,Verisk Analytics,www.verisk.com,"Professional, Scientific and Technical Services","Over $1,000,000,000"
207,28.0,"MAXIMUS, Inc.",www.maximus.com,"Professional, Scientific and Technical Services","Over $1,000,000,000"
208,28.0,Manulife Financial,www.manulife.com,Insurance,"Over $1,000,000,000"
209,28.0,Pearson PLC,www.pearson.com,Media and Entertainment,"Over $1,000,000,000"
210,28.0,GEICO,www.geico.com,Insurance,"Over $1,000,000,000"
211,28.0,Autodesk,www.autodesk.com,Computer and Electronic Product Manufacturing,"Over $1,000,000,000"
212,28.0,United Services Automobile Assn.,www.usaa.com,Insurance,"Over $1,000,000,000"
213,28.0,Sharpedge Solutions,www.esharpedge.com,"Professional, Scientific and Technical Services","$10,000,000 to $49,999,999"
214,28.0,Koantek,www.koantek.com,"Professional, Scientific and Technical Services","$10,000,000 to $49,999,999"
215,28.0,Enterprise,www.enterprise.com,Service Industry,"Over $1,000,000,000"
216,28.0,Nationwide,www.nationwide.com,Insurance,"Over $1,000,000,000"
217,28.0,Aetna,www.aetna.com,Insurance,"Over $1,000,000,000"
218,28.0,Massachusetts Institute of Technology,www.mit.edu,Educational Services,"Over $1,000,000,000"
219,28.0,Unilever PLC,www.unilever.com,Pharmaceuticals and Chemicals Manufacturing,"Over $1,000,000,000"
220,28.0,Movistar,www.telefonica.com,Telecommunications,"Over $1,000,000,000"
221,28.0,Freddie Mac,www.freddiemac.com,Banking and Financial Services,"Over $1,000,000,000"
222,28.0,Chubb Limited,www.chubb.com,Insurance,"Over $1,000,000,000"
223,28.0,Apex Mfg. Co.,www.apexon.com.tw,"Professional, Scientific and Technical Services","$10,000,000 to $49,999,999"
224,27.0,RTX - Resort Travel & Xchange,www.rtx.travel,Travel and Tourism,"$10,000,000 to $49,999,999"
225,27.0,John Deere Company,www.deere.com,Manufacturing,"Over $1,000,000,000"
226,27.0,Rocken Tech Products,www.rocken-tech.com,,"$1,000,000 to $9,999,999"
227,27.0,Association for the Advancement of Artificial Intelligence (AAAI),www.aaai.org,"Professional, Scientific and Technical Services","$10,000,000 to $49,999,999"
228,27.0,Snowflake,www.snowflake.com,Computer and Electronic Product Manufacturing,"Over $1,000,000,000"
229,27.0,Klaviyo,www.klaviyo.com,Computer and Electronic Product Manufacturing,"$500,000,000 to $999,999,999"
230,27.0,LexisNexis,www.lexisnexis.com,"Professional, Scientific and Technical Services","Over $1,000,000,000"
231,27.0,Best Buy,www.bestbuy.com,Retail Trade,"Over $1,000,000,000"
232,27.0,Telstra,www.telstra.com.au,Telecommunications,"Over $1,000,000,000"
233,27.0,"Citizens Financial Group, Inc.",www.citizensbank.com,Banking and Financial Services,"Over $1,000,000,000"
234,27.0,National Black MBA Association,www.nbmbaa.org,,"$100,000,000 to $199,999,999"
235,27.0,DISH Network,www.dish.com,Telecommunications,"Over $1,000,000,000"
236,27.0,BANCO SANTANDER SA,www.santander.com,Banking and Financial Services,"Over $1,000,000,000"
237,27.0,Allianz Versicherung,www.allianz.com,Insurance,"Over $1,000,000,000"
238,27.0,X,www.x.com,"Professional, Scientific and Technical Services","Over $1,000,000,000"
239,27.0,Kubrick Group,www.kubrickgroup.com,"Professional, Scientific and Technical Services","$50,000,000 to $99,999,999"
240,27.0,aUToronto,www.utoronto.ca,Educational Services,"Over $1,000,000,000"
241,27.0,Target,www.target.com,Retail Trade,"Over $1,000,000,000"
242,27.0,NatWest Group Plc,www.natwestgroup.com,Banking and Financial Services,"Over $1,000,000,000"
243,27.0,ZS,www.zs.com,"Professional, Scientific and Technical Services","$200,000,000 to $499,999,999"
244,27.0,Bp Plc,www.bp.com,Mining and Natural Resources,"Over $1,000,000,000"
245,26.0,"BlackRock, Inc.",www.blackrock.com,Banking and Financial Services,"Over $1,000,000,000"
246,26.0,Lowe’s,www.lowes.com,Retail Trade,"Over $1,000,000,000"
247,26.0,Credit Suisse High Yield Bond,www.credit-suisse.com,Banking and Financial Services,"Over $1,000,000,000"
248,26.0,Alpha Silicon,www.alphasilicon.com,"Professional, Scientific and Technical Services","$10,000,000 to $49,999,999"
249,26.0,Anyone AI,www.anyoneai.com,Educational Services,"$1,000,000 to $9,999,999"
250,26.0,Motorola Solutions,www.motorolasolutions.com,Computer and Electronic Product Manufacturing,"Over $1,000,000,000"
251,26.0,Columbia University,www.columbia.edu,Educational Services,"Over $1,000,000,000"
252,26.0,Freedom Mortgage,www.freedommortgage.com,Banking and Financial Services,"Over $1,000,000,000"
253,26.0,Nutmeg,www.nutmeg.com,Banking and Financial Services,"$10,000,000 to $49,999,999"
254,26.0,Common,www.common.org,"Professional, Scientific and Technical Services","$1,000,000 to $9,999,999"
255,26.0,Sun Life Financial,www.sunlife.com,Insurance,"Over $1,000,000,000"
256,26.0,Mayo Clinic,www.mayoclinic.org,Health Care and Social Assistance,"Over $1,000,000,000"
257,26.0,"Micron Technology, Inc.",www.micron.com,Computer and Electronic Product Manufacturing,"Over $1,000,000,000"
258,26.0,Nanyang Technological University Singapore,www.ntu.edu.sg,Educational Services,"$500,000,000 to $999,999,999"
259,26.0,"Gilead Sciences, Inc.",www.gilead.com,Pharmaceuticals and Chemicals Manufacturing,"Over $1,000,000,000"
260,26.0,Truist Financial,www.truist.com,Banking and Financial Services,"Over $1,000,000,000"
261,26.0,disneyconnect.com,www.disneyconnect.com,Media and Entertainment,"$200,000,000 to $499,999,999"
262,26.0,CBS Sports,www.techrepublic.com,Media and Entertainment,"$10,000,000 to $49,999,999"
263,26.0,Shopify Inc.,www.shopify.com,"Professional, Scientific and Technical Services","Over $1,000,000,000"
264,26.0,eJAmerica,www.ejamerica.com,"Professional, Scientific and Technical Services","$10,000,000 to $49,999,999"
265,26.0,"Costar Group, Inc.",www.costargroup.com,Construction and Real Estate,"Over $1,000,000,000"
266,26.0,Jones Lang LaSalle,www.jll.com,Construction and Real Estate,"Over $1,000,000,000"
267,26.0,"CBRE Group, Inc.",www.cbre.com,Construction and Real Estate,"Over $1,000,000,000"
268,26.0,"HITACHI, LTD.",www.hitachi-solutions.com,"Professional, Scientific and Technical Services","Over $1,000,000,000"
269,26.0,L3Harris Technologies,www.l3harris.com,Computer and Electronic Product Manufacturing,"Over $1,000,000,000"
270,26.0,T-Systems International GmbH,www.t-systems.com,"Professional, Scientific and Technical Services","Over $1,000,000,000"
271,26.0,Analytics India Magazine,www.analyticsindiamag.com,Media and Entertainment,"$10,000,000 to $49,999,999"
272,26.0,"Espn, Inc.",www.espn.com,Media and Entertainment,"Over $1,000,000,000"
273,26.0,Zebra Technologies Corp.,www.zebra.com,Computer and Electronic Product Manufacturing,"Over $1,000,000,000"
274,26.0,PepsiCo,www.pepsi.com,Manufacturing,"$10,000,000 to $49,999,999"
275,26.0,Danaher,www.danaher.com,Computer and Electronic Product Manufacturing,"Over $1,000,000,000"
276,26.0,Mobile Programming,www.mobileprogramming.com,"Professional, Scientific and Technical Services","$50,000,000 to $99,999,999"
277,26.0,Government of Canada,www.canada.ca,Public Administration,"Over $1,000,000,000"
278,26.0,Northeastern University,www.northeastern.edu,Educational Services,"Over $1,000,000,000"
279,26.0,Yahoo Inc.,www.yahooinc.com,"Professional, Scientific and Technical Services","Over $1,000,000,000"
280,26.0,"Amgen, Inc.",www.amgen.com,Pharmaceuticals and Chemicals Manufacturing,"Over $1,000,000,000"
281,26.0,Mitre,www.mitre.org,"Professional, Scientific and Technical Services","Over $1,000,000,000"
282,26.0,Northwestern University,www.northwestern.edu,Educational Services,"Over $1,000,000,000"
283,25.0,Bank of Montreal,www.bmo.com,Banking and Financial Services,"Over $1,000,000,000"
284,25.0,"Delta Air Lines, Inc.",www.delta.com,Travel and Tourism,"Over $1,000,000,000"
285,25.0,Linkontro NielsenIQ,www.nielseniq.com,"Professional, Scientific and Technical Services",Unknown
286,25.0,Tamcherry Technologies Private Limited,www.tamcherry.com,,"$1,000,000 to $9,999,999"
287,25.0,United Airlines,www.united.com,Travel and Tourism,"Over $1,000,000,000"
288,25.0,Moody’s,www.moodys.com,"Professional, Scientific and Technical Services","Over $1,000,000,000"
289,25.0,Data In Science Technologies,www.datainscience.com,"Professional, Scientific and Technical Services","$50,000,000 to $99,999,999"
290,25.0,Genentech,www.gene.com,"Professional, Scientific and Technical Services","Over $1,000,000,000"
291,25.0,A Medium Corporation,www.medium.com,Media and Entertainment,"$1,000,000 to $9,999,999"
292,25.0,Aristocrat Leisure Ltd.,www.aristocrat.com,"Professional, Scientific and Technical Services","Over $1,000,000,000"
293,25.0,Chase,www.chase.com,Banking and Financial Services,"Over $1,000,000,000"
294,25.0,Singapore Telecommunications,www.singtel.com,Telecommunications,"Over $1,000,000,000"
295,25.0,CrowdStrike Holdings,www.crowdstrike.com,Computer and Electronic Product Manufacturing,"Over $1,000,000,000"
296,25.0,BDO Korea,www.bdo.global,"Professional, Scientific and Technical Services","$500,000,000 to $999,999,999"
297,25.0,Omega Venture Partners,www.omegavp.com,Banking and Financial Services,"$10,000,000 to $49,999,999"
298,25.0,Northern Trust Corporation,www.northerntrust.com,Banking and Financial Services,"Over $1,000,000,000"
299,25.0,Stellantis N.V,www.stellantis.com,Manufacturing,"Over $1,000,000,000"
300,25.0,Motor Transportation Division New Mexico,www.dot.nm.gov,Public Administration,Unknown
301,25.0,Twine,www.twine.com,,"$1,000,000 to $9,999,999"
302,25.0,University of Illinois,www.illinois.edu,Public Administration,"Over $1,000,000,000"
303,25.0,UKG,www.ukg.com,Computer and Electronic Product Manufacturing,"Over $1,000,000,000"
304,25.0,Travelers Companies,www.travelers.com,Insurance,"Over $1,000,000,000"
305,25.0,UC San Diego,www.ucsd.edu,Educational Services,"Over $1,000,000,000"
306,25.0,Ministry of Home Affairs Singapore,www.mha.gov.sg,Public Administration,"Over $1,000,000,000"
307,25.0,Eaton,www.eaton.com,Manufacturing,"Over $1,000,000,000"
308,25.0,"Stanley Black & Decker, Inc.",www.stanleyblackanddecker.com,Manufacturing,"Over $1,000,000,000"
309,25.0,upskillist.com,www.upskillist.com,Banking and Financial Services,"$1,000,000 to $9,999,999"
310,25.0,Public Service Division,www.psd.gov.sg,Public Administration,"$200,000,000 to $499,999,999"
311,25.0,Teradata,www.teradata.com,Computer and Electronic Product Manufacturing,"Over $1,000,000,000"
312,24.0,AlmaBetter,www.almabetter.com,Educational Services,"$10,000,000 to $49,999,999"
313,24.0,"NetApp, Inc.",www.netapp.com,"Professional, Scientific and Technical Services","Over $1,000,000,000"
314,24.0,phData,www.phdata.io,"Professional, Scientific and Technical Services","$50,000,000 to $99,999,999"
315,24.0,Maersk Group,www.maersk.com,Transportation and Warehousing,"Over $1,000,000,000"
316,24.0,Zurich Insurance Group AG,www.zurich.com,Insurance,"Over $1,000,000,000"
317,24.0,VMLY&R FRANCE,www.vml.com,"Professional, Scientific and Technical Services","$50,000,000 to $99,999,999"
318,24.0,Koch Industries,www.kochind.com,Pharmaceuticals and Chemicals Manufacturing,"Over $1,000,000,000"
319,24.0,Itau Unibanco Holding SA,www.itau.com.br,Banking and Financial Services,"Over $1,000,000,000"
320,24.0,University of Colorado Boulder,www.colorado.edu,Educational Services,"Over $1,000,000,000"
321,24.0,Krazy Mantra Group of Companies,www.krazymantra.com,"Professional, Scientific and Technical Services","$10,000,000 to $49,999,999"
322,24.0,Spelman College,www.spelman.edu,Educational Services,"$100,000,000 to $199,999,999"
323,24.0,Novo Nordisk A/S,www.novonordisk.com,Pharmaceuticals and Chemicals Manufacturing,"Over $1,000,000,000"
324,24.0,Amaze Systems,www.amaze-systems.com,"Professional, Scientific and Technical Services","$10,000,000 to $49,999,999"
325,24.0,Siemens,www.siemens-healthineers.com,Manufacturing,"Over $1,000,000,000"
326,24.0,Genesys,www.genesys.com,Computer and Electronic Product Manufacturing,"Over $1,000,000,000"
327,24.0,The Coca-Cola Company,www.coca-colacompany.com,Manufacturing,"Over $1,000,000,000"
328,24.0,Apartment Association of Orange County,www.aaoc.com,Industry Associations,"$1,000,000 to $9,999,999"
329,24.0,Kansas Action for Children,www.kac.org,Public Administration,"$1,000,000 to $9,999,999"
330,24.0,Massgenics,www.massgenics.com,Public Administration,"Less than $1,000,000"
331,24.0,Beinex,www.beinex.com,"Professional, Scientific and Technical Services","$1,000,000 to $9,999,999"
332,24.0,The Pratt & Whitney Company Inc,www.prattwhitney.com,Manufacturing,"$200,000,000 to $499,999,999"
333,24.0,Johns Hopkins University,www.jhu.edu,Educational Services,"Over $1,000,000,000"
334,24.0,Change Healthcare,www.changehealthcare.com,"Professional, Scientific and Technical Services","Over $1,000,000,000"
335,24.0,Purdue University,www.purdue.edu,Educational Services,"Over $1,000,000,000"
336,24.0,Exarca,www.exarcainc.com,Computer and Electronic Product Manufacturing,"$10,000,000 to $49,999,999"
337,24.0,"Cardinal Health, Inc.",www.cardinalhealth.com,Wholesale Trade,"Over $1,000,000,000"
338,24.0,Gilbert Sun News,www.gilbertsunnews.com,Media and Entertainment,"$1,000,000 to $9,999,999"
339,24.0,Photon,www.photon.com,"Professional, Scientific and Technical Services","$100,000,000 to $199,999,999"
340,24.0,Chevron,www.chevron.com,Mining and Natural Resources,"Over $1,000,000,000"
341,24.0,U.S. Department of State,www.state.gov,Public Administration,"Over $1,000,000,000"
342,24.0,The Dignify Solutions,www.thedignify.com,"Professional, Scientific and Technical Services","$10,000,000 to $49,999,999"
343,24.0,Crescendo Global,www.crescendo-global.com,Service Industry,"$10,000,000 to $49,999,999"
344,24.0,College of Charleston,www.cofc.edu,Educational Services,"$200,000,000 to $499,999,999"
345,24.0,Maryland State Government,www.maryland.gov,Public Administration,"Over $1,000,000,000"
346,24.0,pulivarthigroup.com,www.pulivarthigroup.com,"Professional, Scientific and Technical Services","$10,000,000 to $49,999,999"
347,23.0,Seagate Technology Holdings plc,www.seagate.com,Computer and Electronic Product Manufacturing,"Over $1,000,000,000"
348,23.0,LexisNexis,www.risk.lexisnexis.com,"Professional, Scientific and Technical Services","$10,000,000 to $49,999,999"
349,23.0,VCloud Technology Group,www.vcloudgroup.com,"Professional, Scientific and Technical Services","$10,000,000 to $49,999,999"
350,23.0,Panasonic,www.panasonic.com,Wholesale Trade,"Over $1,000,000,000"
351,23.0,"Zoom Video Communications, Inc.",www.zoom.us,Computer and Electronic Product Manufacturing,"Over $1,000,000,000"
352,23.0,Boston Scientific Corp.,www.bostonscientific.com,Manufacturing,"Over $1,000,000,000"
353,23.0,Tamu,www.tamu.edu,Educational Services,"Over $1,000,000,000"
354,23.0,Zhejiang lab,www.zhejianglab.com,"Professional, Scientific and Technical Services","$10,000,000 to $49,999,999"
355,23.0,Marktine Technology Solutions Pvt,www.marktine.com,,"$1,000,000 to $9,999,999"
356,23.0,InstaDeep,www.instadeep.com,Computer and Electronic Product Manufacturing,"$1,000,000 to $9,999,999"
357,23.0,Acxiom Corp.,www.acxiom.com,"Professional, Scientific and Technical Services","$500,000,000 to $999,999,999"
358,23.0,Alcon,www.alcon.com,Manufacturing,"Over $1,000,000,000"
359,23.0,Western Digital,www.westerndigital.com,Computer and Electronic Product Manufacturing,"Over $1,000,000,000"
360,23.0,Schlumberger N.V.,www.slb.com,Mining and Natural Resources,"Over $1,000,000,000"
361,23.0,"American International Group, Inc.",www.aig.com,Insurance,"Over $1,000,000,000"
362,23.0,Societe Generale,www.societegenerale.com,Banking and Financial Services,"Over $1,000,000,000"
363,23.0,Zuva,www.zuva.ai,"Professional, Scientific and Technical Services","$1,000,000 to $9,999,999"
364,23.0,Baker Hughes,www.bakerhughes.com,Mining and Natural Resources,"Over $1,000,000,000"
365,23.0,Civenty,www.civenty.com,"Professional, Scientific and Technical Services","$10,000,000 to $49,999,999"
366,23.0,Ricoh Electronics,www.ricoh.com,Manufacturing,"Over $1,000,000,000"
367,23.0,Best Western Plus Clock Tower Inn,www.stoneridgesoftware.com,"Professional, Scientific and Technical Services","$10,000,000 to $49,999,999"
368,23.0,RED Global,www.redglobal.com,Service Industry,"$100,000,000 to $199,999,999"
369,23.0,ENTITY Academy,www.entityacademy.com,Computer and Electronic Product Manufacturing,"$1,000,000 to $9,999,999"
370,23.0,it engagements,www.itengagements.com,"Professional, Scientific and Technical Services","$1,000,000 to $9,999,999"
371,23.0,Explore AI,www.explore-ai.net,,Unknown
372,23.0,AGODA COMPANY PTE. LTD.,www.agoda.com,Travel and Tourism,"$200,000,000 to $499,999,999"
373,23.0,Kantar,www.kantar.com,"Professional, Scientific and Technical Services","Over $1,000,000,000"
374,23.0,Mars,www.mars.com,Manufacturing,"Over $1,000,000,000"
375,23.0,Emerson Electric Company,www.emerson.com,Computer and Electronic Product Manufacturing,"Over $1,000,000,000"
376,23.0,SVB Financial Group,www.svb.com,Banking and Financial Services,"Over $1,000,000,000"
377,23.0,Becton Dickinson,www.bd.com,Manufacturing,"Over $1,000,000,000"
378,23.0,Longwood University,www.longwood.edu,Educational Services,"$100,000,000 to $199,999,999"
379,23.0,HexaQuEST Global,www.hexaquestglobal.com,"Professional, Scientific and Technical Services","$10,000,000 to $49,999,999"
380,23.0,Neal Analytics,www.nealanalytics.com,"Professional, Scientific and Technical Services","$10,000,000 to $49,999,999"
381,23.0,ASU+GSV Summit,www.asugsvsummit.com,Banking and Financial Services,"$1,000,000 to $9,999,999"
382,23.0,Datasumi,www.datasumi.com,,
383,23.0,block.xyz,www.block.xyz,Computer and Electronic Product Manufacturing,"Over $1,000,000,000"
384,23.0,GovTech Singapore,www.tech.gov.sg,"Professional, Scientific and Technical Services","$200,000,000 to $499,999,999"
385,23.0,SLAC National Accelerator Laboratory,www.stanford.edu,Public Administration,"Over $1,000,000,000"
386,23.0,Domino’s Pizza,www.dominos.com,Retail Trade,"Over $1,000,000,000"
387,23.0,Latrobe Financial Management,www.lpl.com,Banking and Financial Services,"Over $1,000,000,000"
388,23.0,"Tesla Motors, Inc.",www.tesla.com,Manufacturing,"Over $1,000,000,000"
389,23.0,StudyInternational.com,www.studyinternational.com,Computer and Electronic Product Manufacturing,"$1,000,000 to $9,999,999"
390,23.0,EMD Performance Materials,www.emdgroup.com,Pharmaceuticals and Chemicals Manufacturing,"$100,000,000 to $199,999,999"
391,23.0,"Expedia Group, Inc.",www.expedia.com,Travel and Tourism,"Over $1,000,000,000"
392,23.0,Fixity Technologies,www.fixitytech.com,Computer and Electronic Product Manufacturing,"$10,000,000 to $49,999,999"
393,22.0,Dassault Systèmes SE,www.3ds.com,Computer and Electronic Product Manufacturing,"Over $1,000,000,000"
394,22.0,cdo magazine,www.cdomagazine.tech,Media and Entertainment,"$1,000,000 to $9,999,999"
395,22.0,Response Informatics,www.responseinformaticsltd.com,"Professional, Scientific and Technical Services","$1,000,000 to $9,999,999"
396,22.0,Crowe Horwath LLP,www.crowe.com,"Professional, Scientific and Technical Services","Over $1,000,000,000"
397,22.0,KeyCorp,www.key.com,Banking and Financial Services,"Over $1,000,000,000"
398,22.0,Sony Interactive Entertainment,www.sonyinteractive.com,Computer and Electronic Product Manufacturing,"Over $1,000,000,000"
399,22.0,Bayerische Motoren Werke AG,www.bmwgroup.com,Manufacturing,"Over $1,000,000,000"
400,22.0,Procorp Systems,www.procorpsystems.co,,"$1,000,000 to $9,999,999"
401,22.0,Blockchains,www.blockchains.com,"Professional, Scientific and Technical Services","$1,000,000 to $9,999,999"
402,22.0,SSi People,www.ssipeople.com,Service Industry,"$50,000,000 to $99,999,999"
403,22.0,Northwestern Mutual,www.northwesternmutual.com,Insurance,"Over $1,000,000,000"
404,22.0,Point32Health,www.point32health.org,Insurance,"Over $1,000,000,000"
405,22.0,BT Group PLC,www.bt.com,Telecommunications,"Over $1,000,000,000"
406,22.0,Marcum-Illinois Union School District,www.marcum-illinois.org,Educational Services,"$1,000,000 to $9,999,999"
407,22.0,Stryker Corp.,www.stryker.com,Manufacturing,"Over $1,000,000,000"
408,22.0,DHL,www.dhl.com,Transportation and Warehousing,"Over $1,000,000,000"
409,22.0,John Wiley & Sons,www.wiley.com,Media and Entertainment,"Over $1,000,000,000"
410,22.0,Marketscope,www.advisor.marketscope.com,,"$10,000,000 to $49,999,999"
411,22.0,TransOrg Analytics,www.transorg.com,"Professional, Scientific and Technical Services","$10,000,000 to $49,999,999"
412,22.0,TransUnion,www.transunion.com,"Professional, Scientific and Technical Services","Over $1,000,000,000"
413,22.0,Codvo.Ai,www.codvo.ai,Computer and Electronic Product Manufacturing,"$10,000,000 to $49,999,999"
414,22.0,Syren Cloud,www.syrencloud.com,Computer and Electronic Product Manufacturing,"$10,000,000 to $49,999,999"
415,22.0,Pryon,www.pryon.com,"Professional, Scientific and Technical Services","$1,000,000 to $9,999,999"
416,22.0,Nisum,www.nisum.com,"Professional, Scientific and Technical Services","$10,000,000 to $49,999,999"
417,22.0,Phaidra,www.phaidra.ai,"Professional, Scientific and Technical Services","$10,000,000 to $49,999,999"
418,22.0,Tekvivid,www.tekvivid.com,"Professional, Scientific and Technical Services","$10,000,000 to $49,999,999"
419,22.0,CVS Health Corp.,www.cvs.com,Retail Trade,"Over $1,000,000,000"
420,22.0,Coursera,www.coursera.org,Computer and Electronic Product Manufacturing,"$500,000,000 to $999,999,999"
421,22.0,Pacific Northwest National Laboratory,www.pnnl.gov,"Professional, Scientific and Technical Services","$1,000,000 to $9,999,999"
422,22.0,Sirius XM Holdings,www.siriusxm.com,Media and Entertainment,"Over $1,000,000,000"
423,22.0,Duke Department of Population Health Sciences,www.duke.edu,Educational Services,"Over $1,000,000,000"
424,22.0,goli technologies,www.golitech.com,"Professional, Scientific and Technical Services","Less than $1,000,000"
425,22.0,Allegheny Health Network,www.thryvedigital.com,"Professional, Scientific and Technical Services","$10,000,000 to $49,999,999"
426,22.0,HCA,www.hcahealthcare.com,Health Care and Social Assistance,"Over $1,000,000,000"
427,22.0,Forward Eye Technologies,www.forwardeyetechnologies.com,Educational Services,"$1,000,000 to $9,999,999"
428,22.0,Lily AI,www.lily.ai,Computer and Electronic Product Manufacturing,"$10,000,000 to $49,999,999"
429,22.0,LG Electronics,www.lg.com,Computer and Electronic Product Manufacturing,"Over $1,000,000,000"
430,22.0,Electronic Arts,www.ea.com,Computer and Electronic Product Manufacturing,"Over $1,000,000,000"
431,22.0,BlackHistory.com,www.blackwomenconnect.com,Service Industry,"$1,000,000 to $9,999,999"
432,22.0,Global Payments Systems,www.globalpayments.com,Banking and Financial Services,"Over $1,000,000,000"
433,22.0,SpiceOrb,www.spiceorb.com,"Professional, Scientific and Technical Services","$1,000,000 to $9,999,999"
434,22.0,Akka Technologies SA,www.akka-technologies.com,"Professional, Scientific and Technical Services","Over $1,000,000,000"
435,22.0,Expleo Group,www.expleo.com,"Professional, Scientific and Technical Services","$100,000,000 to $199,999,999"
436,22.0,University of Florida College of Medicine,www.ufl.edu,Educational Services,"Over $1,000,000,000"
437,22.0,Fusemachines,www.fusemachines.com,Computer and Electronic Product Manufacturing,"$50,000,000 to $99,999,999"
438,22.0,AAA-The Auto Club Group,www.aaa.com,Insurance,"Over $1,000,000,000"
439,22.0,Collins Aerospace,www.collinsaerospace.com,Manufacturing,
440,22.0,Corning,www.corning.com,Manufacturing,"Over $1,000,000,000"
441,22.0,Cox Enterprises,www.coxenterprises.com,Media and Entertainment,"Over $1,000,000,000"
442,22.0,"Huntington Ingalls Industries, Inc.",www.hii.com,Manufacturing,"Over $1,000,000,000"
443,22.0,Veri Bilimi Okulu,www.veribilimiokulu.com,"Professional, Scientific and Technical Services","$10,000,000 to $49,999,999"
444,22.0,Open Data Science Conference (ODSC),www.odsc.com,"Professional, Scientific and Technical Services","$10,000,000 to $49,999,999"
445,22.0,Osttra,www.osttra.com,"Professional, Scientific and Technical Services","$100,000,000 to $199,999,999"
446,22.0,Addsource,www.addsource.com,"Professional, Scientific and Technical Services","$1,000,000 to $9,999,999"
447,22.0,Scribble Data,www.scribbledata.io,"Professional, Scientific and Technical Services","$1,000,000 to $9,999,999"
448,22.0,Baxter International,www.baxter.com,Manufacturing,"Over $1,000,000,000"
449,22.0,aixventures.com,www.aixventures.com,Banking and Financial Services,"Less than $1,000,000"
450,22.0,New York Life Insurance,www.newyorklife.com,Insurance,"Over $1,000,000,000"
451,22.0,Eliiza,www.eliiza.com.au,"Professional, Scientific and Technical Services","$10,000,000 to $49,999,999"
452,22.0,KDnuggets,www.kdnuggets.com,"Professional, Scientific and Technical Services","$10,000,000 to $49,999,999"
453,22.0,creeno solutions pvt,www.creenosolutions.com,Computer and Electronic Product Manufacturing,"$10,000,000 to $49,999,999"
454,22.0,LinkedIn Corp,www.linkedin.com,"Professional, Scientific and Technical Services","Over $1,000,000,000"
455,22.0,Isomorphic Labs,www.isomorphiclabs.com,,"$10,000,000 to $49,999,999"
456,22.0,go to services,www.gotoservices.net,Construction and Real Estate,"$10,000,000 to $49,999,999"
457,22.0,G42,www.g42.ai,"Professional, Scientific and Technical Services","$50,000,000 to $99,999,999"
458,22.0,SBCS India,www.sbcsin.com,Educational Services,
459,22.0,Temus,www.temus.com,"Professional, Scientific and Technical Services","$10,000,000 to $49,999,999"
460,22.0,CBS,www.cbs.com,Media and Entertainment,"Over $1,000,000,000"
461,22.0,ARETI International Group,www.aretigroup.com,,
462,22.0,Clarivate Plc,www.clarivate.com,"Professional, Scientific and Technical Services","$200,000,000 to $499,999,999"
463,22.0,Moody College of Communication,www.utexas.edu,Educational Services,"Over $1,000,000,000"
464,22.0,GigNow,www.gignow.com,Computer and Electronic Product Manufacturing,"$1,000,000 to $9,999,999"
465,22.0,Cerebras Systems,www.cerebras.net,"Professional, Scientific and Technical Services","$10,000,000 to $49,999,999"
466,22.0,Ballotpedia,www.ballotpedia.org,Public Administration,Unknown
467,22.0,TIBCO Software,www.tibco.com,"Professional, Scientific and Technical Services","Over $1,000,000,000"
468,22.0,Women in Data,www.womenindata.co.uk,"Professional, Scientific and Technical Services","Less than $1,000,000"
469,22.0,Canadian Imperial Bank of Commerce /Can,www.cibc.com,Banking and Financial Services,"Over $1,000,000,000"
470,22.0,New York City Department of Transportation,www.nyc.gov,Public Administration,"Over $1,000,000,000"
471,21.0,Noodle.ai,www.noodle.ai,Computer and Electronic Product Manufacturing,"$10,000,000 to $49,999,999"
472,21.0,wiseanalytics.io,www.wiseanalytics.io,,"$1,000,000 to $9,999,999"
473,21.0,stitched insights,www.stitchedinsights.com,"Professional, Scientific and Technical Services","$1,000,000 to $9,999,999"
474,21.0,Global Pharma Tek,www.globalpharmatek.com,"Professional, Scientific and Technical Services","$10,000,000 to $49,999,999"
475,21.0,Zendesk,www.zendesk.com,Computer and Electronic Product Manufacturing,"Over $1,000,000,000"
476,21.0,Exxon Mobil Corp.,www.exxonmobil.com,Mining and Natural Resources,"Over $1,000,000,000"
477,21.0,Phygital Insights,www.phygital-insights.com,"Professional, Scientific and Technical Services","$10,000,000 to $49,999,999"
478,21.0,Morgan State University,www.morgan.edu,Educational Services,"$50,000,000 to $99,999,999"
479,21.0,TEK Inspirations,www.tekinspirations.com,"Professional, Scientific and Technical Services","$1,000,000 to $9,999,999"
480,21.0,California State Government,www.ca.gov,Public Administration,"Over $1,000,000,000"
481,21.0,Telekom Shop,www.telekom.com,Telecommunications,"Over $1,000,000,000"
482,21.0,"Palo Alto Networks, Inc.",www.paloaltonetworks.com,Computer and Electronic Product Manufacturing,"Over $1,000,000,000"
483,21.0,DirecTV Group,www.directv.com,Media and Entertainment,"Over $1,000,000,000"
484,21.0,Metyis,www.metyis.com,"Professional, Scientific and Technical Services","$10,000,000 to $49,999,999"
485,21.0,Morningstar,www.morningstar.com,Banking and Financial Services,"Over $1,000,000,000"
486,21.0,Entergy Corp.,www.entergy.com,Utilities,"Over $1,000,000,000"
487,21.0,El Michoacano,www.uber.com,Travel and Tourism,"Over $1,000,000,000"
488,21.0,AltFi,www.altfi.com,Banking and Financial Services,"$1,000,000 to $9,999,999"
489,21.0,UMD,www.umd.edu,Public Administration,"Over $1,000,000,000"
490,21.0,Prevalent AI,www.prevalent.ai,Computer and Electronic Product Manufacturing,"$1,000,000 to $9,999,999"
491,21.0,ARM Holdings PLC,www.arm.com,Computer and Electronic Product Manufacturing,"Over $1,000,000,000"
492,21.0,GM Financial,www.gmfinancial.com,Banking and Financial Services,"Over $1,000,000,000"
493,21.0,Cotiviti Holdings,www.cotiviti.com,Telecommunications,"$500,000,000 to $999,999,999"
494,21.0,Overture Rede,www.overturerede.com,,"$1,000,000 to $9,999,999"
495,21.0,truefoundry.com,www.truefoundry.com,Computer and Electronic Product Manufacturing,"$1,000,000 to $9,999,999"
496,21.0,"First Republic Bank, Inc.",www.firstrepublic.com,Banking and Financial Services,"Over $1,000,000,000"
497,21.0,Wyetech,www.wyetechllc.com,Computer and Electronic Product Manufacturing,"$10,000,000 to $49,999,999"
498,21.0,Booth & Partners,www.boothandpartners.com,Public Administration,"$10,000,000 to $49,999,999"
499,21.0,Nestortechnologies.Com,www.nestortechnologies.com,"Professional, Scientific and Technical Services","Less than $1,000,000"
500,21.0,Westpac Banking,www.westpac.com.au,Banking and Financial Services,"Over $1,000,000,000"
501,21.0,"Netflix, Inc.",www.netflix.com,Media and Entertainment,"Over $1,000,000,000"
502,21.0,Syngenta PPM UAE,www.syngenta.com,Pharmaceuticals and Chemicals Manufacturing,"Over $1,000,000,000"
503,21.0,NASA - National Aeronautics and Space Administration,www.nasa.gov,Public Administration,"Over $1,000,000,000"
504,21.0,ZF Group,www.zf.com,Manufacturing,"Over $1,000,000,000"
505,21.0,SmartAsset Advisors,www.smartadvisormatch.com,,
506,21.0,providenceindia.in,www.providenceindia.in,Insurance,"$10,000,000 to $49,999,999"
507,21.0,University of Vienna,www.phaidra.org,,
508,21.0,Jio,www.jio.com,Telecommunications,"Over $1,000,000,000"
509,21.0,Rutgers Business School,www.rutgers.edu,Educational Services,"Over $1,000,000,000"
510,21.0,DISCO,www.disco.ac,Computer and Electronic Product Manufacturing,"$1,000,000 to $9,999,999"
511,21.0,University of Wisconsin-Madison,www.wisc.edu,Educational Services,"$200,000,000 to $499,999,999"
512,21.0,Moody’s,www.moodysanalytics.com,"Professional, Scientific and Technical Services","Over $1,000,000,000"
513,21.0,Sky Sport,www.sky.com,Media and Entertainment,"Over $1,000,000,000"
514,21.0,FactSet Research Systems,www.factset.com,"Professional, Scientific and Technical Services","Over $1,000,000,000"
515,21.0,HiRoad,www.hiroad.com,Insurance,"$1,000,000 to $9,999,999"
516,21.0,Deutsche Telekom Services Europe - Slovakia,www.dtse.sk,"Professional, Scientific and Technical Services","$10,000,000 to $49,999,999"
517,21.0,Hyundai Motor Company,www.hyundai.com,Manufacturing,"Over $1,000,000,000"
518,21.0,Ekfrazo technologies,www.ekfrazo.in,,Unknown
519,21.0,"Twilio, Inc.",www.twilio.com,Computer and Electronic Product Manufacturing,"Over $1,000,000,000"
520,21.0,"Inside Higher Ed, Inc.",www.insidehighered.com,,"$1,000,000 to $9,999,999"
521,21.0,Exponentia.ai,www.exponentia.ai,"Professional, Scientific and Technical Services","$1,000,000 to $9,999,999"
522,21.0,First American,www.firstam.com,Insurance,"Over $1,000,000,000"
523,21.0,"American Airlines Group, Inc.",www.aa.com,Travel and Tourism,"Over $1,000,000,000"
524,21.0,Defense Information Systems Agency,www.yellowribbon.mil,,
525,21.0,Veolia,www.veolia.com,Utilities,"Over $1,000,000,000"
526,21.0,Informatica,www.informatica.com,Computer and Electronic Product Manufacturing,"Over $1,000,000,000"
527,21.0,epergnesolutions.com,www.epergnesolutions.com,"Professional, Scientific and Technical Services","$1,000,000 to $9,999,999"
528,21.0,latentbridge,www.latentbridge.com,"Professional, Scientific and Technical Services","$1,000,000 to $9,999,999"
529,21.0,Universidad Santo Tomás,www.ust.cl,Educational Services,"Less than $1,000,000"
530,21.0,Penn Foster,www.pennfoster.edu,Educational Services,"$100,000,000 to $199,999,999"
531,21.0,Kroger Pharmacy,www.kroger.com,Retail Trade,"$200,000,000 to $499,999,999"
532,21.0,Capinfo Company,www.ccgp-beijing.gov.cn,,
533,21.0,Turing,www.turinginc.io,Computer and Electronic Product Manufacturing,"$1,000,000 to $9,999,999"
534,21.0,Daimler Truck Holding AG,www.daimlertruck.com,Manufacturing,"Over $1,000,000,000"
535,21.0,BlueShift Brasil,www.blueshift.com.br,"Professional, Scientific and Technical Services","$1,000,000 to $9,999,999"
536,21.0,xpt software australia,www.xptsoftware.com.au,,"$10,000,000 to $49,999,999"
537,21.0,CreditXpert,www.creditxpert.com,,"$1,000,000 to $9,999,999"
538,21.0,U.S. Department of Veterans Affairs,www.va.gov,Public Administration,"Over $1,000,000,000"
539,21.0,Programmez,www.programmez.com,"Professional, Scientific and Technical Services","$1,000,000 to $9,999,999"
540,21.0,"Zillow Group, Inc.",www.zillow.com,"Professional, Scientific and Technical Services","$500,000,000 to $999,999,999"
541,21.0,rapidbrains.com,www.rapidbrains.com,,
542,21.0,Aithenutrigene,www.aithenutrigene.com,,
543,21.0,CrowdStreet,www.crowdstreet.com,Banking and Financial Services,"$10,000,000 to $49,999,999"
544,21.0,galaxeye.space,www.galaxeye.space,Manufacturing,"$1,000,000 to $9,999,999"
545,21.0,TheMathCompany,www.themathcompany.com,,"$10,000,000 to $49,999,999"
546,21.0,Intact Assurance,www.intact.ca,Insurance,"Over $1,000,000,000"
547,21.0,Nielsen Holdings PLC,www.nielsen.com,"Professional, Scientific and Technical Services","Over $1,000,000,000"
548,21.0,Red Ventures,www.redventures.com,"Professional, Scientific and Technical Services","Over $1,000,000,000"
549,21.0,rwsgroup.co.in,www.rwsgroup.co.in,Transportation and Warehousing,Unknown
550,21.0,"Equinix, Inc.",www.equinix.com,"Professional, Scientific and Technical Services","Over $1,000,000,000"
551,21.0,n-touch strategies,www.ntouchstrategies.com,,
552,21.0,snapx,www.snapx.com,"Professional, Scientific and Technical Services","$1,000,000 to $9,999,999"
553,21.0,SenzMate IoT Intelligence,www.senzmate.com,"Professional, Scientific and Technical Services","$1,000,000 to $9,999,999"
554,20.0,Meta 3D Studios,www.meta3dstudios.com,"Professional, Scientific and Technical Services","$1,000,000 to $9,999,999"
555,20.0,eon-gridsolutions.com,www.eon-gridsolutions.com,,
556,20.0,kym advisors,www.kymadvisors.com,"Professional, Scientific and Technical Services","$1,000,000 to $9,999,999"
557,20.0,Pacific Gas and Electric Co,www.pge.com,,
558,20.0,elixir.org.in,www.elixir.org.in,Educational Services,"Less than $1,000,000"
559,20.0,Recro,www.recro.io,"Professional, Scientific and Technical Services","$10,000,000 to $49,999,999"
560,20.0,PharmaForceIQ,www.pharmaforceiq.com,,
561,20.0,Cencora,www.cencora.com,Wholesale Trade,"Over $1,000,000,000"
562,20.0,Evernorth Health Services,www.evernorth.com,Industry Associations,Unknown
563,20.0,Boston University,www.bu.edu,Educational Services,"Over $1,000,000,000"
564,20.0,adeal systems gmbh,www.adeal-systems.com,"Professional, Scientific and Technical Services","$1,000,000 to $9,999,999"
565,20.0,United Overseas Bank,www.uobgroup.com,Banking and Financial Services,"Over $1,000,000,000"
566,20.0,3D Technologies,www.3dtechnologiesllc.com,Computer and Electronic Product Manufacturing,"$1,000,000 to $9,999,999"
567,20.0,Itw Cer,www.itw.com,Manufacturing,"Over $1,000,000,000"
568,20.0,K Raheja Corp,www.krahejacorp.com,,"$1,000,000 to $9,999,999"
569,20.0,CI&T,www.ciandt.com,"Professional, Scientific and Technical Services","$100,000,000 to $199,999,999"
570,20.0,affine.in,www.affine.in,Service Industry,"$10,000,000 to $49,999,999"
571,20.0,Lattice,www.lattice.com,Computer and Electronic Product Manufacturing,"$50,000,000 to $99,999,999"
572,20.0,Semantix Brasil,www.semantix.com.br,"Professional, Scientific and Technical Services","$50,000,000 to $99,999,999"
573,20.0,beam data,www.beamdata.ca,"Professional, Scientific and Technical Services","$1,000,000 to $9,999,999"
574,20.0,protosoft.com.sg,www.protosoft.com.sg,,
575,20.0,"Sam’s West, Inc.",www.samsclub.com,Retail Trade,"Over $1,000,000,000"
576,20.0,shuvel.net,www.shuvel.net,"Professional, Scientific and Technical Services","$1,000,000 to $9,999,999"
577,20.0,"Cargill, Incorporated",www.cargill.com,Wholesale Trade,"Over $1,000,000,000"
578,20.0,University of California Berkeley,www.berkeley.edu,Educational Services,"Over $1,000,000,000"
579,20.0,Compass.uol,www.compass.uol,Telecommunications,"$50,000,000 to $99,999,999"
580,20.0,Mitsubishi UFJ Financial Group,www.mufg.jp,Banking and Financial Services,"Over $1,000,000,000"
581,20.0,Wissen Infotech,www.wissen.com,"Professional, Scientific and Technical Services","$10,000,000 to $49,999,999"
582,20.0,ubiai.tools,www.ubiai.tools,Computer and Electronic Product Manufacturing,"Less than $1,000,000"
583,20.0,"Endeavor Global, Inc.",www.endeavor.org,Industry Associations,"$1,000,000 to $9,999,999"
584,20.0,UBC Sauder School of Business,www.ubc.ca,Educational Services,"Over $1,000,000,000"
585,20.0,Providence Health & Services,www.providence.org,Health Care and Social Assistance,"Over $1,000,000,000"
586,20.0,StarTree,www.startree.ai,Computer and Electronic Product Manufacturing,"$10,000,000 to $49,999,999"
587,20.0,United Site Services,www.unitedsiteservices.com,Service Industry,"$500,000,000 to $999,999,999"
588,20.0,Kinesso,www.kinesso.com,Service Industry,"$10,000,000 to $49,999,999"
589,20.0,Bmc Software,www.bmc.com,Computer and Electronic Product Manufacturing,"Over $1,000,000,000"
590,20.0,Cloudcraftz,www.cloudcraftz.com,Computer and Electronic Product Manufacturing,"$1,000,000 to $9,999,999"
591,20.0,Molina Healthcare,www.molinahealthcare.com,Insurance,"Over $1,000,000,000"
592,20.0,HGS - Hinduja Global Solutions,www.hgs.cx,"Professional, Scientific and Technical Services","$500,000,000 to $999,999,999"
593,20.0,UC Irvine,www.uci.edu,,"Over $1,000,000,000"
594,20.0,Asurion,www.asurion.com,Insurance,"Over $1,000,000,000"
595,20.0,Sa.Global,www.saglobal.com,"Professional, Scientific and Technical Services","$10,000,000 to $49,999,999"
596,20.0,"TTEC Holdings, Inc.",www.ttec.com,"Professional, Scientific and Technical Services","Over $1,000,000,000"
597,20.0,Corteva,www.corteva.com,Pharmaceuticals and Chemicals Manufacturing,"Over $1,000,000,000"
598,20.0,Kimberly-Clark Corporation,www.kimberly-clark.com,Manufacturing,"Over $1,000,000,000"
599,20.0,ACORD,www.acord.org,"Professional, Scientific and Technical Services","$10,000,000 to $49,999,999"
600,20.0,Advanced Institute of Information Technology Peking University,www.aiit.org.cn,,"$10,000,000 to $49,999,999"
601,20.0,Commonwealth Bank,www.commbank.com.au,Banking and Financial Services,"Over $1,000,000,000"
602,20.0,amakshar.com,www.amakshar.com,,
603,20.0,Swiss Re,www.swissre.com,Insurance,"Over $1,000,000,000"
604,20.0,iRobot Corp.,www.irobot.com,Manufacturing,"Over $1,000,000,000"
605,20.0,Shiru,www.shiru.com,"Professional, Scientific and Technical Services","$1,000,000 to $9,999,999"
606,20.0,Campus Pride,www.campuspride.org,Service Industry,"$1,000,000 to $9,999,999"
607,20.0,docsumo,www.docsumo.com,Computer and Electronic Product Manufacturing,"$1,000,000 to $9,999,999"
608,20.0,Harvard University,www.harvard.edu,Educational Services,"Over $1,000,000,000"
609,20.0,AB Volvo,www.volvogroup.com,Manufacturing,"Over $1,000,000,000"
610,20.0,Cox Automotive,www.coxautoinc.com,Wholesale Trade,"Over $1,000,000,000"
611,20.0,EPSoft Technologies,www.epsoftinc.com,"Professional, Scientific and Technical Services","$10,000,000 to $49,999,999"
612,20.0,Biolife Plasma Services L.P.,www.biolifeplasma.com,Health Care and Social Assistance,"$500,000,000 to $999,999,999"
613,20.0,"Cloudera, Inc.",www.cloudera.com,Computer and Electronic Product Manufacturing,"$500,000,000 to $999,999,999"
614,20.0,"American Honda Motor Co., Inc.",www.honda.com,,
615,20.0,Grab Holdings,www.grab.com,Travel and Tourism,"$200,000,000 to $499,999,999"
616,20.0,Reuters News Agency,www.reutersagency.com,Media and Entertainment,"$50,000,000 to $99,999,999"
617,20.0,"Assurant, Inc.",www.assurant.com,Insurance,"Over $1,000,000,000"
618,20.0,Mojro,www.mojro.com,"Professional, Scientific and Technical Services","$1,000,000 to $9,999,999"
619,20.0,Ciena Corporation,www.ciena.com,Computer and Electronic Product Manufacturing,"Over $1,000,000,000"
620,20.0,HR University,https://hr.university/,Educational Services,"Less than $1,000,000"
621,20.0,Astek,www.astek.com,,"$10,000,000 to $49,999,999"
622,20.0,Pryon,www.pryon.ai,Computer and Electronic Product Manufacturing,"$10,000,000 to $49,999,999"
623,20.0,Elevate Textiles,www.elevatetextiles.com,Manufacturing,"Over $1,000,000,000"
624,20.0,Lloyds Banking Group Plc,www.lloydsbankinggroup.com,Banking and Financial Services,"Over $1,000,000,000"
625,20.0,KCF Technologies,www.kcftech.com,"Professional, Scientific and Technical Services",Unknown
626,20.0,Atlassian Corp. Plc,www.atlassian.com,Computer and Electronic Product Manufacturing,"Over $1,000,000,000"
627,20.0,Nova Credit Union,www.novacu.com,Banking and Financial Services,"$1,000,000 to $9,999,999"
628,20.0,rtwohealthcare.com,www.rtwohealthcare.com,Computer and Electronic Product Manufacturing,"$1,000,000 to $9,999,999"
629,20.0,ttecdigital.com,www.ttecdigital.com,"Professional, Scientific and Technical Services","$200,000,000 to $499,999,999"
630,20.0,Southwest Airlines Co.,www.southwest.com,Travel and Tourism,"Over $1,000,000,000"
631,20.0,Cognitiv,www.cognitiv.ai,,"$1,000,000 to $9,999,999"
632,20.0,Macquarie Private Wealth,www.macquarie.com,Banking and Financial Services,"Over $1,000,000,000"
633,20.0,"Splunk, Inc.",www.splunk.com,Computer and Electronic Product Manufacturing,"Over $1,000,000,000"
634,20.0,Veracity Software,www.veracity-us.com,"Professional, Scientific and Technical Services","$1,000,000 to $9,999,999"
635,20.0,Deep Abacus,www.deepabacus.com,Public Administration,"Less than $1,000,000"
636,20.0,moffettai.com,www.moffettai.com,,Unknown
637,20.0,Highmark Health,www.highmarkhealth.org,Insurance,"Over $1,000,000,000"
638,20.0,iNeuron.ai,www.ineuron.ai,"Professional, Scientific and Technical Services","$50,000,000 to $99,999,999"
639,20.0,Sumitomo Mitsui Banking Corporation - Global,www.smbcgroup.com,Banking and Financial Services,"Over $1,000,000,000"
640,20.0,L’oréal,www.loreal.com,Pharmaceuticals and Chemicals Manufacturing,"Over $1,000,000,000"
641,20.0,Synopsys,www.synopsys.com,Computer and Electronic Product Manufacturing,"Over $1,000,000,000"
642,20.0,PAPASIDDHI - Information Technology Company,www.papasiddhi.com,"Professional, Scientific and Technical Services","$1,000,000 to $9,999,999"
643,20.0,The Hague Tech,www.thehaguetech.com,,
644,20.0,callsimulator.com,www.callsimulator.com,Computer and Electronic Product Manufacturing,"$1,000,000 to $9,999,999"
645,20.0,ING Office,www.ing.com,Banking and Financial Services,"Over $1,000,000,000"
646,20.0,Unit8 SA,www.unit8.co,Computer and Electronic Product Manufacturing,"$1,000,000 to $9,999,999"
647,20.0,The University of Chicago Pritzker School of Medicine,www.uchicago.edu,Educational Services,"Over $1,000,000,000"
648,20.0,Scale AI,www.scale.com,Computer and Electronic Product Manufacturing,"$50,000,000 to $99,999,999"
649,20.0,WPP Plc,www.wpp.com,"Professional, Scientific and Technical Services","Over $1,000,000,000"
650,20.0,Saama,www.saama.com,"Professional, Scientific and Technical Services","$50,000,000 to $99,999,999"
651,20.0,CyberCube,www.cybcube.com,Computer and Electronic Product Manufacturing,"$1,000,000 to $9,999,999"
652,20.0,Cognitive Space,www.cognitivespace.com,Manufacturing,"$1,000,000 to $9,999,999"
653,20.0,Graphcore Ltd.,www.graphcore.ai,Computer and Electronic Product Manufacturing,"$1,000,000 to $9,999,999"
654,20.0,EnCharge AI,www.enchargeai.com,,"Less than $1,000,000"
655,20.0,clavrit.com,www.clavrit.com,"Professional, Scientific and Technical Services","$1,000,000 to $9,999,999"
656,20.0,Einride,www.einride.tech,Manufacturing,"$1,000,000 to $9,999,999"
657,20.0,NomadGao,www.nomadgao.com,,
658,20.0,Evidian - Atos Cyber Security,www.evidian.com,"Professional, Scientific and Technical Services","$10,000,000 to $49,999,999"
659,20.0,Altana Technologies,www.altana.ai,Computer and Electronic Product Manufacturing,"$10,000,000 to $49,999,999"
660,20.0,Cyient,www.cyient.com,"Professional, Scientific and Technical Services","$500,000,000 to $999,999,999"
661,20.0,Government of Ontario,www.ontario.ca,Public Administration,"Over $1,000,000,000"
662,20.0,VAYUZ Technologies,www.vayuz.com,"Professional, Scientific and Technical Services","$1,000,000 to $9,999,999"
663,20.0,Carvana Co,www.carvana.com,Retail Trade,"Over $1,000,000,000"
664,20.0,Mutt Data,www.muttdata.ai,"Professional, Scientific and Technical Services","$10,000,000 to $49,999,999"
665,20.0,Infilect,www.infilect.com,Computer and Electronic Product Manufacturing,"$10,000,000 to $49,999,999"
666,20.0,Navy Federal Credit Union Foundation,www.navyfederal.org,Banking and Financial Services,"Over $1,000,000,000"
667,20.0,Carrier Global,www.carrier.com,Manufacturing,"Over $1,000,000,000"
668,19.0,Conduent Incorporated,www.conduent.com,"Professional, Scientific and Technical Services","Over $1,000,000,000"
669,19.0,Wtw Measurement Systems,www.wtw.com,Computer and Electronic Product Manufacturing,"$1,000,000 to $9,999,999"
670,19.0,ZP Group,www.zpgroup.com,,"$10,000,000 to $49,999,999"
671,19.0,Trimble,www.trimble.com,"Professional, Scientific and Technical Services","Over $1,000,000,000"
672,19.0,flipped.ai,www.flipped.ai,"Professional, Scientific and Technical Services","$1,000,000 to $9,999,999"
673,19.0,"Onemain Holdings, Inc.",www.onemainfinancial.com,,
674,19.0,Databricks,www.databricks.com,Computer and Electronic Product Manufacturing,"Over $1,000,000,000"
675,19.0,BrainTrust3D,www.braintrust.co.in,"Professional, Scientific and Technical Services","$1,000,000 to $9,999,999"
676,19.0,Shoptrue,www.shoptrue.com,Retail Trade,"$1,000,000 to $9,999,999"
677,19.0,The Cigna Group,www.thecignagroup.com,,"$10,000,000 to $49,999,999"
678,19.0,Celeb-AI,www.celeb-ai.com,Computer and Electronic Product Manufacturing,"$10,000,000 to $49,999,999"
679,19.0,Penn State University,www.psu.edu,Educational Services,"Over $1,000,000,000"
680,19.0,RedBeryl Tech Solutions Pvt,www.redberyltech.com,,
681,19.0,Few and Far,www.fewandfar.io,Service Industry,"$1,000,000 to $9,999,999"
682,19.0,American Family Insurance Group,www.amfam.com,Insurance,"Over $1,000,000,000"
683,19.0,Women of the Vine & Spirits,www.womenofthevine.com,Retail Trade,"$10,000,000 to $49,999,999"
684,19.0,Xiaomi Technology,www.mi.com,Computer and Electronic Product Manufacturing,"Over $1,000,000,000"
685,19.0,Spotify Technology SA,www.spotify.com,Media and Entertainment,"Over $1,000,000,000"
686,19.0,CFA Institute,www.cfainstitute.org,Industry Associations,"$200,000,000 to $499,999,999"
687,19.0,Heise Medien,www.heise.de,Manufacturing,"$10,000,000 to $49,999,999"
688,19.0,SAE International,www.sae.org,Industry Associations,"$50,000,000 to $99,999,999"
689,19.0,AIA Group Limited,www.aia.com,Insurance,"Over $1,000,000,000"
690,19.0,°Nomad Health,www.nomadhealth.com,,"$10,000,000 to $49,999,999"
691,19.0,Alight Inc. / Delaware,www.alight.com,"Professional, Scientific and Technical Services","Over $1,000,000,000"
692,19.0,"Tyson Foods, Inc.",www.tysonfoods.com,Manufacturing,"Over $1,000,000,000"
693,19.0,ALOIS Solutions,www.aloissolutions.com,Service Industry,"$10,000,000 to $49,999,999"
694,19.0,AI21 Labs,www.ai21.com,,"$10,000,000 to $49,999,999"
695,19.0,"Elder Research, Inc.",www.elderresearch.com,,"$10,000,000 to $49,999,999"
696,19.0,VOLKSWAGEN AG,www.volkswagen-group.com,Manufacturing,"Over $1,000,000,000"
697,19.0,IKEA,www.ikea.com,Retail Trade,"Over $1,000,000,000"
698,19.0,Optimum Data Analytics,www.optimumdataanalytics.com,"Professional, Scientific and Technical Services","$1,000,000 to $9,999,999"
699,19.0,Evalueserve,www.evalueserve.com,"Professional, Scientific and Technical Services","$50,000,000 to $99,999,999"
700,19.0,Eurofins BioDiagnostics,www.eurofinsus.com,"Professional, Scientific and Technical Services","$200,000,000 to $499,999,999"
701,19.0,Gather AI,www.gather.ai,Manufacturing,"$1,000,000 to $9,999,999"
702,19.0,Safeway,www.albertsonscompanies.com,Retail Trade,"Over $1,000,000,000"
703,19.0,University of Pennsylvania School of Nursing,www.upenn.edu,Educational Services,"Over $1,000,000,000"
704,19.0,Chewy.com LLC,www.chewy.com,Retail Trade,"Over $1,000,000,000"
705,19.0,AIRA MATRIX,www.airamatrix.com,Computer and Electronic Product Manufacturing,"$10,000,000 to $49,999,999"
706,19.0,Data Meaning,www.datameaning.com,"Professional, Scientific and Technical Services","$10,000,000 to $49,999,999"
707,19.0,"ESRI, Inc.",www.esri.com,Wholesale Trade,"Over $1,000,000,000"
708,19.0,Centre for Computational Technologies (CCTech),www.cctech.co.in,,"$10,000,000 to $49,999,999"
709,19.0,"Udemy, Inc.",www.udemy.com,Educational Services,"$500,000,000 to $999,999,999"
710,19.0,Bath Fitter,www.bathfitter.com,Retail Trade,"$50,000,000 to $99,999,999"
711,19.0,Open Text Corp.,www.opentext.com,Computer and Electronic Product Manufacturing,"Over $1,000,000,000"
712,19.0,Arting Digital,www.artingdigital.com,,
713,19.0,Global Traffic Technologies,www.gtt.com,Computer and Electronic Product Manufacturing,"$10,000,000 to $49,999,999"
714,19.0,Ferguson Enterprises,www.ferguson.com,Wholesale Trade,"Over $1,000,000,000"
715,19.0,"Workiva, Inc.",www.workiva.com,Computer and Electronic Product Manufacturing,"$500,000,000 to $999,999,999"
716,19.0,DataR Labs,www.datarlabs.com,"Professional, Scientific and Technical Services","Less than $1,000,000"
717,19.0,INNODATATICS * Innovation | Data | Analytics,www.innodatatics.com,,"$1,000,000 to $9,999,999"
718,19.0,Technopark Trivandrum,www.technopark.org,"Professional, Scientific and Technical Services","$10,000,000 to $49,999,999"
719,19.0,o9 Solutions,www.o9solutions.com,Computer and Electronic Product Manufacturing,"$50,000,000 to $99,999,999"
720,19.0,Comcast Technology Solutions,www.comcasttechnologysolutions.com,Computer and Electronic Product Manufacturing,"$10,000,000 to $49,999,999"
721,19.0,omdena,www.omdena.com,"Professional, Scientific and Technical Services","$50,000,000 to $99,999,999"
722,19.0,Data Science UA,www.data-science.com.ua,"Professional, Scientific and Technical Services","Less than $1,000,000"
723,19.0,outerbounds.co,www.outerbounds.co,Computer and Electronic Product Manufacturing,"Less than $1,000,000"
724,19.0,Walgreens,www.walgreens.com,Retail Trade,"Over $1,000,000,000"
725,19.0,AssemblyAI,www.assemblyai.com,"Professional, Scientific and Technical Services","$10,000,000 to $49,999,999"
726,19.0,TE Connectivity,www.te.com,Manufacturing,"Over $1,000,000,000"
727,19.0,"Stripe, Inc.",www.stripe.com,Computer and Electronic Product Manufacturing,"Over $1,000,000,000"
728,19.0,OCBC,www.ocbc.com,Banking and Financial Services,"Over $1,000,000,000"
729,19.0,amaris.ai pte,www.amaris.ai,,"$1,000,000 to $9,999,999"
730,19.0,mi-gso | pcubed,www.migso-pcubed.com,"Professional, Scientific and Technical Services","$100,000,000 to $199,999,999"
731,19.0,aiTouch,www.aitouch.in,"Professional, Scientific and Technical Services","$10,000,000 to $49,999,999"
732,19.0,LVMH MOET HENNESSY LOUIS VUITTON,www.lvmh.com,Wholesale Trade,"Over $1,000,000,000"
733,19.0,Techtok,www.techtok.dev,,
734,19.0,Compagnie De Saint Gobain,www.saint-gobain.com,Manufacturing,"Over $1,000,000,000"
735,19.0,maarut,www.maarutinc.com,"Professional, Scientific and Technical Services","$10,000,000 to $49,999,999"
736,19.0,Court of Appeals,www.michigan.gov,Public Administration,"Over $1,000,000,000"
737,19.0,Staples,www.staples.com,Retail Trade,"Over $1,000,000,000"
738,19.0,ACZ Global Pvt,www.aczglobal.com,,"$1,000,000 to $9,999,999"
739,19.0,McDonald’s,www.mcdonalds.com,Retail Trade,"Over $1,000,000,000"
740,19.0,Intuitive Apps,www.intuitiveapps.com,"Professional, Scientific and Technical Services","$1,000,000 to $9,999,999"
741,19.0,Senior Resource Group,www.srgseniorliving.com,Construction and Real Estate,"$100,000,000 to $199,999,999"
742,19.0,Epsilon,www.epsilon.com,"Professional, Scientific and Technical Services","Over $1,000,000,000"
743,19.0,HSO,www.hso.ch,Construction and Real Estate,"$50,000,000 to $99,999,999"
744,19.0,elgebra.com,www.elgebra.com,,"$1,000,000 to $9,999,999"
745,19.0,neutigers.com,www.neutigers.com,"Professional, Scientific and Technical Services","$1,000,000 to $9,999,999"
746,19.0,Alphastream.Ai,www.alphastream.ai,Banking and Financial Services,"$10,000,000 to $49,999,999"
747,19.0,Marriott International,www.marriott.com,Travel and Tourism,"Over $1,000,000,000"
748,19.0,Infineon Technologies Ag,www.infineon.com,Computer and Electronic Product Manufacturing,"Over $1,000,000,000"
749,19.0,Anheuser Busch Inbev NV,www.ab-inbev.com,Manufacturing,"Over $1,000,000,000"
750,19.0,Nasdaq,www.nasdaq.com,Banking and Financial Services,"Over $1,000,000,000"
751,19.0,Infinity Financial Solutions,www.infinitysolutions.com,,"$10,000,000 to $49,999,999"
752,19.0,DigiHelic Solutions Pvt.,www.digihelic.com,"Professional, Scientific and Technical Services","$1,000,000 to $9,999,999"
753,19.0,D-VoiS Communications Pvt,www.dvois.com,Media and Entertainment,"$10,000,000 to $49,999,999"
754,19.0,Federal Reserve Board,www.federalreserve.gov,Public Administration,"Over $1,000,000,000"
755,19.0,Ameriprise Financial,www.ameriprise.com,Banking and Financial Services,"Over $1,000,000,000"
756,19.0,Michigan State University Main Library,www.msu.edu,Public Administration,"Over $1,000,000,000"
757,19.0,American Welding Society,www.aws.org,"Professional, Scientific and Technical Services","$10,000,000 to $49,999,999"
758,19.0,DIATOZ: Digital A to Z Solutions,www.diatoz.com,"Professional, Scientific and Technical Services","$10,000,000 to $49,999,999"
759,19.0,dautom.com,www.dautom.com,,
760,19.0,Flux Auto,www.fluxauto.xyz,,"$1,000,000 to $9,999,999"
761,19.0,findability.ai,www.findability.ai,"Professional, Scientific and Technical Services","$10,000,000 to $49,999,999"
762,19.0,Mindsprint Pte. Ltd,www.mindsprint.org,,
763,19.0,thirdeyedata.ai,www.thirdeyedata.ai,"Professional, Scientific and Technical Services","$10,000,000 to $49,999,999"
764,19.0,Eegrab,www.eegrab.com,"Professional, Scientific and Technical Services","$1,000,000 to $9,999,999"
765,19.0,paretos.com,www.paretos.com,,
766,19.0,SkillReigns,www.skillreigns.com,,
767,19.0,Sandia National Laboratories,www.sandia.gov,,
768,19.0,"Rockwell Automation, Inc.",www.rockwellautomation.com,Manufacturing,"Over $1,000,000,000"
769,19.0,"Georgia-Pacific Holdings, LLC",www.gp.com,Manufacturing,"Over $1,000,000,000"
770,19.0,Bulien,www.bulien.com,"Professional, Scientific and Technical Services","Less than $1,000,000"
771,19.0,Intellify Solutions Pvt.,www.intellifysolutions.com,"Professional, Scientific and Technical Services","$1,000,000 to $9,999,999"
772,19.0,Dun & Bradstreet,www.dnb.com,"Professional, Scientific and Technical Services","Over $1,000,000,000"
773,19.0,Block and Company,www.blockandcompany.com,,
774,19.0,Cognet9,www.cognet9.com,,
775,19.0,Prodware,www.prodwaregroup.com,"Professional, Scientific and Technical Services","$100,000,000 to $199,999,999"
776,19.0,Savannah Seeds Pvt,www.savannahseeds.com,Manufacturing,"$10,000,000 to $49,999,999"
777,19.0,Cornell University,www.cornell.edu,Educational Services,"Over $1,000,000,000"
778,19.0,CHOWA GIKEN,www.chowagiken.co.jp,"Professional, Scientific and Technical Services","$1,000,000 to $9,999,999"
779,19.0,BASF SE,www.basf.com,Pharmaceuticals and Chemicals Manufacturing,"Over $1,000,000,000"
780,19.0,Indegene,www.indegene.com,"Professional, Scientific and Technical Services","$10,000,000 to $49,999,999"
781,19.0,NSW Department of Education,www.nsw.gov.au,Public Administration,"Over $1,000,000,000"
782,19.0,Argo AI,www.argo.ai,Manufacturing,"$50,000,000 to $99,999,999"
783,19.0,Amazon Games,www.amazongames.com,,
784,19.0,Waterloo Engineering Society,www.uwaterloo.ca,Educational Services,"$500,000,000 to $999,999,999"
785,19.0,iFood,www.ifood.com.br,Telecommunications,"$100,000,000 to $199,999,999"
786,19.0,Chryselys,www.chryselys.com,"Professional, Scientific and Technical Services","$1,000,000 to $9,999,999"
787,19.0,University of Virginia,www.virginia.edu,Educational Services,"Over $1,000,000,000"
788,19.0,Velosio,www.velosio.com,"Professional, Scientific and Technical Services","$10,000,000 to $49,999,999"
789,19.0,it alliance australia,www.italliance.com.au,"Professional, Scientific and Technical Services","$10,000,000 to $49,999,999"
790,19.0,The Information Lab Luxembourg,www.theinformationlab.co.uk,Wholesale Trade,"$10,000,000 to $49,999,999"
791,19.0,"ViaSat, Inc.",www.viasat.com,Computer and Electronic Product Manufacturing,"Over $1,000,000,000"
792,19.0,FutureMug,www.futuremug.com,Public Administration,"$1,000,000 to $9,999,999"
793,19.0,Nexer Group,www.nexergroup.com,"Professional, Scientific and Technical Services","$100,000,000 to $199,999,999"
794,19.0,GoTo,www.goto.com,Computer and Electronic Product Manufacturing,"Over $1,000,000,000"
795,19.0,carmansg.com,www.carmansg.com,"Professional, Scientific and Technical Services","$10,000,000 to $49,999,999"
796,19.0,Noze,www.noze.ca,Service Industry,"$1,000,000 to $9,999,999"
797,19.0,RedMart,www.lazada.sg,,
798,19.0,GroupM,www.groupm.com,"Professional, Scientific and Technical Services","Over $1,000,000,000"
799,19.0,VRK IT Vision,www.vrkitvision.com,"Professional, Scientific and Technical Services","$10,000,000 to $49,999,999"
800,19.0,"Vertex Pharmaceuticals, Inc.",www.vrtx.com,Pharmaceuticals and Chemicals Manufacturing,"Over $1,000,000,000"
801,19.0,Crane Venture Partners,www.crane.vc,Banking and Financial Services,"Less than $1,000,000"
802,19.0,Theron Technology Solutions,www.theronts.com,"Professional, Scientific and Technical Services","$10,000,000 to $49,999,999"
803,18.0,Biz-Tech Analytics,www.biztechanalytics.com,,
804,18.0,Bhavyam Holdings,www.bhavyansh.in,,
805,18.0,Principal Financial,www.principal.com,Insurance,"Over $1,000,000,000"
806,18.0,Coactive AI,www.coactive.ai,Computer and Electronic Product Manufacturing,"Less than $1,000,000"
807,18.0,EON Systems,www.eonsystemsinc.com,,
808,18.0,STMicroelectronics NV,www.st.com,Computer and Electronic Product Manufacturing,"Over $1,000,000,000"
809,18.0,clinics-choice.com,www.clinics-choice.com,"Professional, Scientific and Technical Services","$1,000,000 to $9,999,999"
810,18.0,UNIVERSITY SYSTEM OF GEORGIA,www.usg.edu,Educational Services,"Over $1,000,000,000"
811,18.0,Mass General Brigham,www.massgeneralbrigham.org,Health Care and Social Assistance,"Over $1,000,000,000"
812,18.0,Huntington Bancshares,www.huntington.com,Banking and Financial Services,"Over $1,000,000,000"
813,18.0,AmberFlux EdgeAI Private,www.amberflux.com,"Professional, Scientific and Technical Services","$1,000,000 to $9,999,999"
814,18.0,instapro.group,www.instapro.group,,
815,18.0,NOMURA INTERNATIONAL PLC,www.nomura.com,,
816,18.0,TruEra,www.truera.com,Computer and Electronic Product Manufacturing,"$1,000,000 to $9,999,999"
817,18.0,XPO Logistics,www.xpo.com,Transportation and Warehousing,"Over $1,000,000,000"
818,18.0,The DarkStar Group,www.thedarkstargroup.com,,"$1,000,000 to $9,999,999"
819,18.0,SDAIA,www.sdaia.gov.sa,,"$10,000,000 to $49,999,999"
820,18.0,DeepBrainz,www.deepbrainz.com,Computer and Electronic Product Manufacturing,"Less than $1,000,000"
821,18.0,facctum.com,www.facctum.com,,Unknown
822,18.0,Safran SA,www.safran-group.com,Manufacturing,"Over $1,000,000,000"
823,18.0,BluWave-ai,www.bluwave-ai.com,Service Industry,"$1,000,000 to $9,999,999"
824,18.0,Veracitiz,www.veracitiz.com,,"$1,000,000 to $9,999,999"
825,18.0,Western Union,www.westernunion.com,Banking and Financial Services,"Over $1,000,000,000"
826,18.0,Experfy,www.experfy.com,,"$10,000,000 to $49,999,999"
827,18.0,FirstEigen,www.firsteigen.com,"Professional, Scientific and Technical Services","$1,000,000 to $9,999,999"
828,18.0,Codigo - The Mobile App Company,www.whitecoat.com.sg,Health Care and Social Assistance,"$1,000,000 to $9,999,999"
829,18.0,Miuul,www.miuul.com,Educational Services,"$10,000,000 to $49,999,999"
830,18.0,cfb bots pte,www.cfb-bots.com,"Professional, Scientific and Technical Services","$1,000,000 to $9,999,999"
831,18.0,Citrix Systems,www.citrix.com,Computer and Electronic Product Manufacturing,"Over $1,000,000,000"
832,18.0,Walt Disney Animation Studios,www.disneyanimation.com,Media and Entertainment,"$50,000,000 to $99,999,999"
833,18.0,Veritas Technologies,www.veritas.com,"Professional, Scientific and Technical Services","Over $1,000,000,000"
834,18.0,AI Superior,www.aisuperior.com,Computer and Electronic Product Manufacturing,"$1,000,000 to $9,999,999"
835,18.0,MGA Homecare,www.mgahomecare.com,Health Care and Social Assistance,Unknown
836,18.0,Rivian Automotive Inc. / DE,www.rivian.com,Manufacturing,"Over $1,000,000,000"
837,18.0,Prescience Decision Solutions,www.prescienceds.com,"Professional, Scientific and Technical Services","$10,000,000 to $49,999,999"
838,18.0,BRITISH BROADCASTING CORPORATION,www.bbc.com,Media and Entertainment,"Over $1,000,000,000"
839,18.0,Carelon Global Solutions,www.carelonglobal.com,"Professional, Scientific and Technical Services","$10,000,000 to $49,999,999"
840,18.0,UCLA,www.ucla.edu,Educational Services,"Over $1,000,000,000"
841,18.0,"St. Jude Children’s Research Hospital, Inc.",www.stjude.org,Health Care and Social Assistance,"Over $1,000,000,000"
842,18.0,PRI Global,www.priglobal.com,"Professional, Scientific and Technical Services","$50,000,000 to $99,999,999"
843,18.0,Barhead Solutions,www.barhead.com,"Professional, Scientific and Technical Services","$10,000,000 to $49,999,999"
844,18.0,"W.W. Grainger, Inc.",www.grainger.com,Wholesale Trade,"Over $1,000,000,000"
845,18.0,Saturn Cloud,www.saturncloud.io,,"$1,000,000 to $9,999,999"
846,18.0,MoveWorks,www.move-works.com,Retail Trade,"$1,000,000 to $9,999,999"
847,18.0,Ellipse Solutions,www.ellipsesolutions.com,"Professional, Scientific and Technical Services","$10,000,000 to $49,999,999"
848,18.0,The Gauntlet,www.thegauntlet.com,Media and Entertainment,"Less than $1,000,000"
849,18.0,ZoomInfo Technologies,www.zoominfo.com,Computer and Electronic Product Manufacturing,"Over $1,000,000,000"
850,18.0,integrated projects,www.integratedprojects.co,"Professional, Scientific and Technical Services","$1,000,000 to $9,999,999"
851,18.0,Kumavision Ag,www.kumavision.com,"Professional, Scientific and Technical Services","$50,000,000 to $99,999,999"
852,18.0,Celebal Technologies,www.celebaltech.com,"Professional, Scientific and Technical Services","$50,000,000 to $99,999,999"
853,18.0,The Ohio State University Wexner Medical Center,www.osu.edu,Educational Services,"Over $1,000,000,000"
854,18.0,Kaizer Software Solutions,www.kaizersoft.com,"Professional, Scientific and Technical Services","$1,000,000 to $9,999,999"
855,18.0,ASML Holding NV,www.asml.com,Manufacturing,"Over $1,000,000,000"
856,18.0,Cathay Financial Holding Company,www.cathayholdings.com,Insurance,"Over $1,000,000,000"
857,18.0,Phoenix Group,www.thephoenixgroup.com,Insurance,"Over $1,000,000,000"
858,18.0,Avalara,www.avalara.com,Computer and Electronic Product Manufacturing,"$500,000,000 to $999,999,999"
859,18.0,Rich Products Corp.,www.richs.com,Manufacturing,"Over $1,000,000,000"
860,18.0,genellipse.com,www.genellipse.com,,"$1,000,000 to $9,999,999"
861,18.0,News Corp,www.newscorp.com,Media and Entertainment,"Over $1,000,000,000"
862,18.0,Unusual Ventures,www.unusual.vc,Banking and Financial Services,"$100,000,000 to $199,999,999"
863,18.0,Biocarbon Engineering,www.dendra.io,"Professional, Scientific and Technical Services","$10,000,000 to $49,999,999"
864,18.0,Xerox Corp.,www.xerox.com,Computer and Electronic Product Manufacturing,"Over $1,000,000,000"
865,18.0,datenwissen.com,www.datenwissen.com,"Professional, Scientific and Technical Services","$1,000,000 to $9,999,999"
866,18.0,Visionyle Solutions,www.visionyle.com,,"$10,000,000 to $49,999,999"
867,18.0,proa tecnologia criativa,www.proatecnologia.com.br,"Professional, Scientific and Technical Services","$1,000,000 to $9,999,999"
868,18.0,allozymes,www.allozymes.com,"Professional, Scientific and Technical Services","Less than $1,000,000"
869,18.0,The Johns Hopkins University Applied Physics Laboratory LLC,www.jhuapl.edu,"Professional, Scientific and Technical Services","Over $1,000,000,000"
870,18.0,American Advertising Federation,www.aaf.org,,"$1,000,000 to $9,999,999"
871,18.0,Laboratory Corporation of America Holdings,www.labcorp.com,Health Care and Social Assistance,"Over $1,000,000,000"
872,18.0,"ResMed, Inc.",www.resmed.com,Manufacturing,"Over $1,000,000,000"
873,18.0,Melonfrost,www.melonfrost.com,"Professional, Scientific and Technical Services","$1,000,000 to $9,999,999"
874,18.0,snuailab.com,www.snuailab.com,,Unknown
875,18.0,vote.net.in,www.vote.net.in,,
876,18.0,Barbora,www.barbora.lt,Retail Trade,"$10,000,000 to $49,999,999"
877,18.0,Bizmetric,www.bizmetric.com,"Professional, Scientific and Technical Services","$10,000,000 to $49,999,999"
878,18.0,PetSmart,www.petsmart.com,Retail Trade,"Over $1,000,000,000"
879,18.0,FlexoSense,www.flexosense.com,,
880,18.0,AI Fund,www.aifund.ai,Banking and Financial Services,"$10,000,000 to $49,999,999"
881,18.0,Washington Metropolitan Area Transit Authority (WMATA),www.wmata.com,Public Administration,"Over $1,000,000,000"
882,18.0,"Trifacta, Inc.",www.trifacta.com,"Professional, Scientific and Technical Services","$10,000,000 to $49,999,999"
883,18.0,"Airbnb, Inc.",www.airbnb.com,Travel and Tourism,"Over $1,000,000,000"
884,18.0,RadiusAI,www.radiusai.com,Computer and Electronic Product Manufacturing,"$1,000,000 to $9,999,999"
885,18.0,Revel IT,www.revelit.com,"Professional, Scientific and Technical Services","$10,000,000 to $49,999,999"
886,18.0,Dataeconomy,www.dataeconomy.io,"Professional, Scientific and Technical Services","$10,000,000 to $49,999,999"
887,18.0,SAS,www.sas.com,Computer and Electronic Product Manufacturing,"Over $1,000,000,000"
888,18.0,Annalect,www.annalect.com,"Professional, Scientific and Technical Services","$50,000,000 to $99,999,999"
889,18.0,Striveworks,www.striveworks.us,"Professional, Scientific and Technical Services","$1,000,000 to $9,999,999"
890,18.0,Canadian Tire,www.canadiantire.ca,Retail Trade,"Over $1,000,000,000"
891,18.0,Astek,www.astekgroup.fr,"Professional, Scientific and Technical Services","$100,000,000 to $199,999,999"
892,18.0,Briskwin IT Solutions,www.briskwinit.com,"Professional, Scientific and Technical Services","$1,000,000 to $9,999,999"
893,18.0,Snorkel AI,www.snorkel.ai,"Professional, Scientific and Technical Services","$10,000,000 to $49,999,999"
894,18.0,vinbrain.net,www.vinbrain.net,"Professional, Scientific and Technical Services","$10,000,000 to $49,999,999"
895,18.0,Stability AI,www.stability.ai,"Professional, Scientific and Technical Services","$10,000,000 to $49,999,999"
896,18.0,PixelPhant,www.pixelphant.com,"Professional, Scientific and Technical Services","$1,000,000 to $9,999,999"
897,18.0,terray therapeutics,www.terraytherapeutics.com,"Professional, Scientific and Technical Services","Less than $1,000,000"
898,18.0,hydatis.com,www.hydatis.com,"Professional, Scientific and Technical Services","$1,000,000 to $9,999,999"
899,18.0,HighRadius,www.highradius.com,Computer and Electronic Product Manufacturing,"$200,000,000 to $499,999,999"
900,18.0,Nod.Ai,www.nod.ai,Computer and Electronic Product Manufacturing,"$1,000,000 to $9,999,999"
901,18.0,Lumiq,www.lumiq.ai,"Professional, Scientific and Technical Services","$1,000,000 to $9,999,999"
902,18.0,femtherapeutics,www.femtherapeutics.com,Manufacturing,"Less than $1,000,000"
903,18.0,Major League Baseball (MLB),www.mlb.com,Media and Entertainment,"$200,000,000 to $499,999,999"
904,18.0,CirrusLabs,www.cirruslabs.io,Computer and Electronic Product Manufacturing,"$10,000,000 to $49,999,999"
905,18.0,Beyond Limits,www.beyond.ai,"Professional, Scientific and Technical Services","Less than $1,000,000"
906,18.0,"Orion Systems Integrators, LLC",www.orioninc.com,"Professional, Scientific and Technical Services","$50,000,000 to $99,999,999"
907,18.0,Flipkart,www.flipkart.com,Retail Trade,"Over $1,000,000,000"
908,18.0,Meterwork,www.meterwork.com,"Professional, Scientific and Technical Services","Less than $1,000,000"
909,18.0,ZEISS Group,www.zeiss.com,,
910,18.0,Siena AI,www.siena.cx,,"Less than $1,000,000"
911,18.0,Peak,www.peak.ai,"Professional, Scientific and Technical Services","$10,000,000 to $49,999,999"
912,18.0,Alera Group,www.aleragroup.com,Insurance,"$200,000,000 to $499,999,999"
913,18.0,"WEX, Inc.",www.wexinc.com,Banking and Financial Services,"Over $1,000,000,000"
914,18.0,RTBAnalytica,www.rtbanalytica.com,"Professional, Scientific and Technical Services","$1,000,000 to $9,999,999"
915,18.0,ICS Global Soft,www.icsglobalsoftinc.com,,"$1,000,000 to $9,999,999"
916,18.0,Invent Analytics,www.inventanalytics.com,,"$10,000,000 to $49,999,999"
917,18.0,AgencyKPI,www.agencykpi.com,"Professional, Scientific and Technical Services","$1,000,000 to $9,999,999"
918,18.0,Creyon Bio,www.creyonbio.com,,"$1,000,000 to $9,999,999"
919,18.0,InterEx Group,www.interex-group.com,Service Industry,"$1,000,000 to $9,999,999"
920,18.0,galytix,www.galytix.com,"Professional, Scientific and Technical Services","$1,000,000 to $9,999,999"
921,18.0,Srivango Technologies,www.srivango.com,"Professional, Scientific and Technical Services","$1,000,000 to $9,999,999"
922,18.0,The Clorox Company,www.thecloroxcompany.com,Pharmaceuticals and Chemicals Manufacturing,"Over $1,000,000,000"
923,18.0,Office Depot,www.officedepot.com,Retail Trade,"Over $1,000,000,000"
924,18.0,GAC Solutions Inc.,www.gacsol.com,"Professional, Scientific and Technical Services","$10,000,000 to $49,999,999"
925,18.0,Southern Illinois Healthcare,www.sih.net,Health Care and Social Assistance,"$500,000,000 to $999,999,999"
926,18.0,Monks Associates,www.media.monks.com,,
927,18.0,Enexus Global,www.enexusglobal.com,,"$1,000,000 to $9,999,999"
928,18.0,norristown bell credit union,www.nbcu.org,,"$1,000,000 to $9,999,999"
929,18.0,Ocurate,www.ocurate.com,Computer and Electronic Product Manufacturing,"$1,000,000 to $9,999,999"
930,18.0,University of Rochester,www.rochester.edu,Educational Services,"Over $1,000,000,000"
931,18.0,Blue Cross Blue Shield of Michigan,www.bcbsm.com,Insurance,"Over $1,000,000,000"
932,18.0,Avery Products,www.averydennison.com,Manufacturing,"Over $1,000,000,000"
933,18.0,Paysera,www.paysera.lt,Banking and Financial Services,"$10,000,000 to $49,999,999"
934,18.0,vinbigdata.com,www.vinbigdata.com,"Professional, Scientific and Technical Services",Unknown
935,18.0,BitAnimate,www.bitanimate.com,Computer and Electronic Product Manufacturing,"Less than $1,000,000"
936,18.0,synativ.com,www.synativ.com,,Unknown
937,18.0,Algonomy,www.algonomy.com,"Professional, Scientific and Technical Services","$10,000,000 to $49,999,999"
938,18.0,Sahara Communications,www.saharainc.net,,
939,18.0,AlphaLayer,www.alphalayer.ai,Computer and Electronic Product Manufacturing,"$1,000,000 to $9,999,999"
940,18.0,adesso AG,www.adesso-group.de,"Professional, Scientific and Technical Services","Over $1,000,000,000"
941,18.0,Aflac Northern Ireland,www.aflacni.com,"Professional, Scientific and Technical Services","$10,000,000 to $49,999,999"
942,18.0,Heretic,www.heretic.ventures,Banking and Financial Services,"Less than $1,000,000"
943,18.0,A3Data,www.a3data.com.br,,"$1,000,000 to $9,999,999"
944,18.0,Paramount Network,www.paramount.com,Media and Entertainment,"Over $1,000,000,000"
945,18.0,eaglys,www.eaglys.co.jp,"Professional, Scientific and Technical Services","$10,000,000 to $49,999,999"
946,18.0,Psiori,www.psiori.com,Computer and Electronic Product Manufacturing,"$1,000,000 to $9,999,999"
947,18.0,Assa Abloy AB,www.assaabloy.com,Manufacturing,"Over $1,000,000,000"
948,18.0,Blueprint Power,www.blueprintpower.com,Computer and Electronic Product Manufacturing,"$1,000,000 to $9,999,999"
949,18.0,Prisma AI Corporation PTE.,www.prismagl.com,,"$10,000,000 to $49,999,999"
950,18.0,SenseTime 商汤科技,www.sensetime.com,Computer and Electronic Product Manufacturing,"$500,000,000 to $999,999,999"
951,18.0,7 Eleven,www.7-eleven.com,Retail Trade,"Over $1,000,000,000"
952,18.0,"ANSYS, Inc.",www.ansys.com,Computer and Electronic Product Manufacturing,"Over $1,000,000,000"
953,18.0,Bay-One for Africa,www.linkedin.com/company/bay-one-for-africa-ltd/,,"$1,000,000 to $9,999,999"
954,18.0,Data Wave Technologies,www.datawavetechnologies.com,,"$1,000,000 to $9,999,999"
955,18.0,Gainwell Technologies,www.gainwelltechnologies.com,"Professional, Scientific and Technical Services","$500,000,000 to $999,999,999"
956,18.0,Ecolab,www.ecolab.com,Utilities,"Over $1,000,000,000"
957,18.0,Data Science District,www.datasciencedistrict.nl,"Professional, Scientific and Technical Services","Less than $1,000,000"
958,18.0,Seasalt.ai,www.seasalt.ai,Computer and Electronic Product Manufacturing,"$1,000,000 to $9,999,999"
959,18.0,equilibriumenergy.com,www.equilibriumenergy.com,Service Industry,"$10,000,000 to $49,999,999"
960,18.0,National Basketball Association (NBA),www.nba.com,Media and Entertainment,"$200,000,000 to $499,999,999"
961,18.0,Parsionate,www.parsionate.com,"Professional, Scientific and Technical Services","$10,000,000 to $49,999,999"
962,18.0,rawmind,www.rawmind.in,"Professional, Scientific and Technical Services","$1,000,000 to $9,999,999"
963,18.0,upGrad,www.upgrad.com,,"$10,000,000 to $49,999,999"
964,18.0,FIDIUS Advisory,www.fidiusadvisory.com,"Professional, Scientific and Technical Services","$1,000,000 to $9,999,999"
965,18.0,"Juniper Networks, Inc.",www.juniper.net,Computer and Electronic Product Manufacturing,"Over $1,000,000,000"
966,18.0,"Roku, Inc.",www.roku.com,Computer and Electronic Product Manufacturing,"Over $1,000,000,000"
967,18.0,New Jersey Institute of Technology,www.njit.edu,Educational Services,"$500,000,000 to $999,999,999"
968,18.0,Antilles-Guyane.Bnpparibas,www.bnpparibas.co.in,"Professional, Scientific and Technical Services","$200,000,000 to $499,999,999"
969,18.0,Annapurna Labs,www.annapurnalabs.com,Computer and Electronic Product Manufacturing,"$10,000,000 to $49,999,999"
970,18.0,Strong Analytics,www.strong.io,"Professional, Scientific and Technical Services","$1,000,000 to $9,999,999"
971,18.0,BenchSci,www.benchsci.com,"Professional, Scientific and Technical Services","$10,000,000 to $49,999,999"
972,18.0,Foundry,www.foundry.com,"Professional, Scientific and Technical Services","$50,000,000 to $99,999,999"
973,18.0,Inworld AI,www.inworld.ai,Computer and Electronic Product Manufacturing,"$1,000,000 to $9,999,999"
974,18.0,Claim Genius,www.claimgenius.com,"Professional, Scientific and Technical Services","$10,000,000 to $49,999,999"
975,18.0,Keasis,www.keasis.com,"Professional, Scientific and Technical Services","$10,000,000 to $49,999,999"
976,18.0,DataToBiz,www.datatobiz.com,"Professional, Scientific and Technical Services","$1,000,000 to $9,999,999"
977,18.0,MillenniumIT ESP,www.mitesp.com,,
978,18.0,dallasdatascienceacademy.com,www.dallasdatascienceacademy.com,"Professional, Scientific and Technical Services","Less than $1,000,000"
979,18.0,KTech Products,www.ktechproducts.com,"Professional, Scientific and Technical Services","$10,000,000 to $49,999,999"
980,18.0,Group Nine Marketing,www.groupnine.com,"Professional, Scientific and Technical Services","Less than $1,000,000"
981,18.0,Hartford Financial Services,www.thehartford.com,Insurance,"Over $1,000,000,000"
982,18.0,Elsevier,www.elsevier.com,Media and Entertainment,"$500,000,000 to $999,999,999"
983,18.0,Medineos Observational Research,www.medineos.com,,"$1,000,000 to $9,999,999"
984,18.0,Shabak - Israeli Security Agency - Career,www.shabak.gov.il,Public Administration,Unknown
985,18.0,Sight Spectrum,www.sightspectrum.com,"Professional, Scientific and Technical Services","$50,000,000 to $99,999,999"
986,18.0,Tile Shop Holdings,www.tileshop.com,Retail Trade,"$200,000,000 to $499,999,999"
987,17.0,innData Analytics Private Limited,www.inndata.in,,"$1,000,000 to $9,999,999"
988,17.0,Radius AI,www.radiusai.com,,"$1,000,000 to $9,999,999"
989,17.0,Activeloop,www.activeloop.ai,Technical,"$1,000,000 to $9,999,999"
990,17.0,StatusNeo,www.statusneo.com,Technical,"$50,000,000 to $99,999,999"
991,17.0,EBizCharge,www.ebizcharge.com,Technical,"$10,000,000 to $49,999,999"
992,17.0,Biz-Metric,www.bizmetric.com,Technical,"$10,000,000 to $49,999,999"
993,17.0,jai kisan,www.jai-kisan.com,Finance,"$10,000,000 to $49,999,999"
994,17.0,"W.W. Grainger, Inc.",www.grainger.com,Technical,"Over $1,000,000,000"
995,17.0,Highradius Corporation,www.highradius.com,Finance,"$200,000,000 to $499,999,999"
996,17.0,Commonwealth Annuity & Life Insurance,www.globalatlantic.com,Manufacturing,"$200,000,000 to $499,999,999"
997,17.0,Ceevra Inc.,www.ceevra.com,Technical,"$1,000,000 to $9,999,999"
998,17.0,Barhead Solutions,www.barhead.com,Insurance,"$50,000,000 to $99,999,999"
999,17.0,Ntt America Inc,www.global.ntt,Telecommunications,"$500,000,000 to $999,999,999"
1000,17.0,techcarrot,www.techcarrot.ae,Telecommunications,"$500,000,000 to $999,999,999"
